iter,phase,n_live,n_prefill,n_decode,tokens,iter_us,task_sum_us,sched_events_us,busy_any_us,dead_us,prepare_batch_us,perfect_pack_us,worker_idle_us,occupancy,n_tasks
0,prefill,16,16,0,16,29316.45,674745.50,950.56,28888.45,428.00,13.50,5278.88,23609.57,0.1801,59346
1,prefill,16,16,0,16,32077.28,620965.41,955.52,31647.55,429.73,11.87,4858.76,26788.79,0.1515,59346
2,prefill,16,16,0,16,32009.12,630975.17,954.18,31578.37,430.75,12.96,4936.95,26641.42,0.1542,59346
3,prefill,16,16,0,16,32183.49,642494.43,950.08,31754.66,428.83,12.83,5026.91,26727.75,0.1562,59346
4,prefill,16,16,0,16,32549.44,643451.30,947.58,32117.12,432.32,11.87,5034.37,27082.75,0.1547,59346
5,prefill,16,16,0,16,32395.87,639500.35,948.90,31972.13,423.74,11.52,5003.51,26968.62,0.1544,59346
6,prefill,16,16,0,16,32415.52,655458.05,966.46,31989.76,425.76,12.00,5128.32,26861.44,0.1582,59346
7,prefill,16,16,0,16,32614.50,653630.85,960.19,32183.84,430.66,12.13,5113.99,27069.85,0.1568,59346
8,prefill,16,16,0,16,32789.92,668819.36,952.90,32363.17,426.75,11.14,5232.60,27130.57,0.1596,59346
9,prefill,16,16,0,16,32712.48,653066.72,950.27,32283.26,429.22,11.81,5109.51,27173.76,0.1562,59346
10,prefill,16,16,0,16,32755.42,662795.42,950.78,32330.30,425.12,12.10,5185.52,27144.79,0.1583,59346
11,prefill,16,16,0,16,32780.19,660483.65,955.62,32350.78,429.41,12.64,5167.49,27183.29,0.1576,59346
12,prefill,16,16,0,16,33113.66,674134.98,949.28,32687.42,426.24,12.77,5274.10,27413.33,0.1593,59346
13,prefill,16,16,0,16,33149.63,677720.19,953.92,32727.46,422.18,10.56,5302.14,27425.31,0.1599,59346
14,prefill,16,16,0,16,33140.45,669283.30,956.74,32714.34,426.11,12.48,5236.25,27478.09,0.1580,59346
15,prefill,16,16,0,16,33168.22,649612.42,948.19,32734.56,433.66,13.98,5082.50,27652.06,0.1532,59346
16,mixed,16,15,1,16,28254.53,743111.17,951.71,27828.54,425.98,14.53,5812.99,22015.55,0.2057,59346
17,mixed,16,15,1,16,31050.94,698233.76,963.23,30625.86,425.09,14.69,5462.48,25163.38,0.1759,59346
18,mixed,16,15,1,16,31097.31,697496.13,961.98,30668.74,428.58,14.37,5456.70,25212.03,0.1755,59346
19,mixed,16,15,1,16,31363.07,727873.38,969.47,30928.90,434.18,13.76,5694.08,25234.81,0.1816,59346
20,mixed,16,15,1,16,31283.78,712881.22,946.78,30854.02,429.76,14.21,5576.78,25277.23,0.1783,59346
21,mixed,16,15,1,16,31292.58,704946.69,958.66,30867.36,425.22,13.82,5514.89,25352.47,0.1762,59346
22,mixed,16,15,1,16,31510.59,725856.64,951.90,31073.54,437.06,13.82,5678.19,25395.34,0.1802,59346
23,mixed,16,15,1,16,31322.85,701120.35,958.69,30889.60,433.25,15.42,5484.99,25404.61,0.1751,59346
24,mixed,16,15,1,16,31769.70,716513.54,954.88,31339.90,429.79,15.10,5605.22,25734.68,0.1764,59346
25,mixed,16,15,1,16,31730.14,716648.96,960.80,31300.48,429.66,15.07,5606.33,25694.15,0.1767,59346
26,mixed,16,15,1,16,31796.35,734933.76,964.67,31363.87,432.48,13.47,5749.21,25614.67,0.1808,59346
27,mixed,16,15,1,16,31636.67,694488.06,962.62,31204.86,431.81,13.18,5433.21,25771.66,0.1717,59346
28,mixed,16,15,1,16,31998.37,704020.58,964.99,31574.82,423.55,14.75,5507.70,26067.12,0.1721,59346
29,mixed,16,15,1,16,31989.73,711783.26,947.52,31568.29,421.44,15.10,5568.21,26000.08,0.1741,59346
30,mixed,16,15,1,16,32267.74,738448.48,957.89,31832.80,434.94,14.75,5776.61,26056.19,0.1790,59346
31,mixed,16,15,1,16,32116.64,729654.34,957.09,31685.22,431.42,14.94,5707.90,25977.31,0.1777,59346
32,mixed,16,15,1,16,32069.89,712109.22,962.05,31639.78,430.11,16.48,5570.87,26068.91,0.1737,59346
33,mixed,16,15,1,16,27392.54,774832.06,952.70,26959.52,433.02,16.83,6060.82,20898.70,0.2213,59346
34,mixed,16,14,2,16,29852.90,719102.85,946.50,29423.58,429.31,16.61,5625.39,23798.20,0.1884,59346
35,mixed,16,14,2,16,30075.78,734829.47,964.58,29648.80,426.98,14.91,5748.39,23900.41,0.1911,59346
36,mixed,16,14,2,16,29988.99,742145.54,952.32,29563.62,425.38,15.71,5805.45,23758.16,0.1936,59346
37,mixed,16,14,2,16,30268.03,755437.60,949.98,29840.51,427.52,16.29,5909.28,23931.23,0.1952,59346
38,mixed,16,14,2,16,30216.58,742505.34,951.01,29789.22,427.36,16.77,5808.25,23980.96,0.1922,59346
39,mixed,16,14,2,16,30396.83,763297.18,961.31,29964.99,431.84,16.42,5970.77,23994.22,0.1964,59346
40,mixed,16,14,2,16,30591.74,765962.59,957.22,30157.60,434.14,15.94,5991.56,24166.04,0.1959,59346
41,mixed,16,14,2,16,30690.43,767171.49,956.35,30252.45,437.98,16.96,6001.00,24251.45,0.1955,59346
42,mixed,16,14,2,16,30667.87,753228.99,952.48,30241.22,426.66,16.67,5892.04,24349.17,0.1921,59346
43,mixed,16,14,2,16,30790.78,778615.90,966.14,30358.88,431.90,14.40,6090.48,24268.40,0.1978,59346
44,mixed,16,14,2,16,30710.18,753113.86,966.62,30279.78,430.40,15.04,5891.25,24388.52,0.1918,59346
45,mixed,16,14,2,16,30795.52,767157.63,956.22,30363.10,432.42,15.78,6000.89,24362.21,0.1949,59346
46,mixed,16,14,2,16,31067.58,759571.20,953.34,30638.43,429.15,17.57,5941.60,24696.83,0.1912,59346
47,mixed,16,14,2,16,31245.06,765235.52,940.35,30813.86,431.20,17.41,5985.75,24828.11,0.1916,59346
48,mixed,16,14,2,16,31157.60,755114.11,958.59,30726.27,431.33,15.04,5906.82,24819.45,0.1896,59346
49,mixed,16,14,2,16,31144.90,746825.73,955.55,30707.58,437.31,17.02,5842.04,24865.54,0.1876,59346
50,mixed,16,14,2,16,31223.17,771739.42,972.70,30789.89,433.28,17.44,6036.81,24753.07,0.1933,59346
51,mixed,16,14,2,16,22931.78,830601.15,954.75,22500.13,431.65,18.82,6496.53,16003.60,0.2833,59346
52,mixed,16,13,3,16,29291.26,804668.48,966.88,28864.67,426.59,18.50,6294.03,22570.65,0.2149,59346
53,mixed,16,13,3,16,29117.73,794693.98,953.31,28689.18,428.54,18.18,6215.99,22473.19,0.2135,59346
54,mixed,16,13,3,16,29383.74,821085.73,962.75,28959.42,424.32,18.14,6422.25,22537.17,0.2186,59346
55,mixed,16,13,3,16,29325.76,823784.10,948.96,28895.33,430.43,17.15,6443.23,22452.10,0.2197,59346
56,mixed,16,13,3,16,29394.62,821103.94,951.20,28969.15,425.47,18.85,6422.31,22546.85,0.2185,59346
57,mixed,16,13,3,16,29604.35,829724.13,946.30,29173.86,430.50,18.14,6489.61,22684.24,0.2192,59346
58,mixed,16,13,3,16,29430.69,821353.54,948.35,29001.70,428.99,18.18,6424.23,22577.46,0.2183,59346
59,mixed,16,13,3,16,29546.78,822709.28,950.40,29112.93,433.86,17.76,6434.84,22678.09,0.2178,59346
60,mixed,16,13,3,16,29971.84,835463.84,959.62,29533.25,438.59,18.18,6534.56,22998.69,0.2180,59346
61,mixed,16,13,3,16,29800.96,801783.01,965.44,29364.93,436.03,18.34,6271.47,23093.46,0.2104,59346
62,mixed,16,13,3,16,30240.54,836219.10,951.62,29799.97,440.58,18.59,6540.40,23259.57,0.2163,59346
63,mixed,16,13,3,16,29740.67,807496.06,960.74,29305.66,435.01,18.56,6316.07,22989.60,0.2124,59346
64,mixed,16,13,3,16,29788.38,815382.18,971.01,29363.58,424.80,16.90,6377.76,22985.82,0.2141,59346
65,mixed,16,13,3,16,30035.01,816698.21,964.54,29600.58,434.43,18.05,6387.99,23212.59,0.2127,59346
66,mixed,16,13,3,16,30266.53,835542.14,953.22,29835.23,431.30,17.86,6535.12,23300.11,0.2159,59346
67,mixed,16,13,3,16,30415.36,837561.82,953.95,29988.51,426.85,18.66,6550.90,23437.61,0.2154,59346
68,mixed,16,13,3,16,30401.63,827309.28,958.88,29965.70,435.94,18.94,6470.85,23494.85,0.2128,59346
69,mixed,16,13,3,16,30134.72,811200.77,948.64,29697.12,437.60,19.23,6344.92,23352.20,0.2106,59346
70,mixed,16,13,3,16,29301.06,862688.54,961.44,28864.35,436.70,19.46,6747.27,22117.09,0.2303,59346
71,mixed,16,12,4,16,28486.98,893106.56,963.68,28048.10,438.88,19.14,6984.92,21063.17,0.2452,59346
72,mixed,16,12,4,16,28357.63,859961.79,959.97,27920.42,437.22,20.03,6725.95,21194.46,0.2372,59346
73,mixed,16,12,4,16,28235.74,857708.00,952.96,27797.70,438.05,20.54,6708.29,21089.41,0.2376,59346
74,mixed,16,12,4,16,27839.87,833185.86,954.98,27409.31,430.56,18.46,6516.73,20892.59,0.2341,59346
75,mixed,16,12,4,16,28027.39,868749.06,961.44,27595.01,432.38,20.16,6794.61,20800.39,0.2424,59346
76,mixed,16,12,4,16,28179.94,838294.56,973.66,27736.38,443.55,20.06,6556.78,21179.60,0.2327,59346
77,mixed,16,12,4,16,27954.46,828012.96,964.99,27519.10,435.36,20.35,6476.39,21042.71,0.2317,59346
78,mixed,16,12,4,16,28141.47,835338.40,952.96,27705.15,436.32,20.96,6533.53,21171.63,0.2322,59346
79,mixed,16,12,4,16,28154.27,831503.20,956.13,27718.43,435.84,19.74,6503.59,21214.84,0.2310,59346
80,mixed,16,12,4,16,28075.17,836317.60,963.33,27637.70,437.47,20.54,6541.26,21096.44,0.2330,59346
81,mixed,16,12,4,16,28344.35,849455.14,960.16,27902.27,442.08,19.90,6643.87,21258.40,0.2344,59346
82,mixed,16,12,4,16,28637.54,865642.91,950.69,28199.55,437.98,20.00,6770.26,21429.29,0.2364,59346
83,mixed,16,12,4,16,28563.65,856857.98,960.22,28127.46,436.19,19.01,6701.70,21425.75,0.2346,59346
84,mixed,16,12,4,16,28501.31,844717.86,957.63,28065.44,435.87,20.03,6606.84,21458.60,0.2318,59346
85,mixed,16,12,4,16,28999.94,869734.72,951.84,28565.95,433.98,20.42,6802.24,21763.71,0.2346,59346
86,mixed,16,12,4,16,28878.94,854991.97,956.86,28439.65,439.30,20.42,6687.10,21752.55,0.2316,59346
87,mixed,16,12,4,16,28833.76,852705.09,954.05,28393.25,440.51,19.52,6669.21,21724.04,0.2313,59346
88,mixed,16,12,4,16,28506.05,837255.30,953.82,28071.62,434.43,20.77,6548.51,21523.11,0.2297,59346
89,mixed,16,12,4,16,29006.05,868242.88,961.09,28576.38,429.66,19.65,6790.66,21785.73,0.2341,59346
90,mixed,16,12,4,16,28719.14,856956.64,954.27,28284.45,434.69,20.64,6702.43,21582.02,0.2334,59346
91,mixed,16,12,4,16,28715.39,858722.14,956.00,28283.42,431.97,22.37,6716.24,21567.19,0.2339,59346
92,mixed,16,12,4,16,22328.99,923041.06,965.57,21893.15,435.84,22.37,7218.80,14674.35,0.3233,59346
93,mixed,16,11,5,16,26925.41,890576.26,956.70,26488.61,436.80,21.44,6965.10,19523.51,0.2587,59346
94,mixed,16,11,5,16,27018.85,899166.53,958.85,26576.32,442.53,20.99,7032.23,19544.09,0.2603,59346
95,mixed,16,11,5,16,27018.72,890927.23,960.74,26584.54,434.18,22.53,6967.87,19616.67,0.2579,59346
96,mixed,16,11,5,16,26771.87,887866.75,958.40,26336.26,435.62,22.94,6943.95,19392.31,0.2594,59346
97,mixed,16,11,5,16,26963.65,901966.94,963.58,26528.32,435.33,21.92,7054.14,19474.18,0.2616,59346
98,mixed,16,11,5,16,27335.23,896196.48,950.56,26896.77,438.46,20.86,7008.96,19887.81,0.2564,59346
99,mixed,16,11,5,16,27420.96,899053.57,959.65,26986.24,434.72,22.24,7031.35,19954.89,0.2564,59346
100,mixed,16,11,5,16,27448.22,908370.66,960.80,27013.66,434.56,22.88,7104.15,19909.51,0.2588,59346
101,mixed,16,11,5,16,27513.02,908626.94,953.66,27072.96,440.06,21.66,7106.10,19966.86,0.2583,59346
102,mixed,16,11,5,16,27464.70,911959.65,954.37,27034.14,430.56,21.22,7132.14,19902.00,0.2597,59346
103,mixed,16,11,5,16,28001.54,940925.28,955.17,27570.53,431.01,22.14,7358.44,20212.09,0.2628,59346
104,mixed,16,11,5,16,27475.42,892621.60,962.56,27047.14,428.29,22.21,6981.13,20066.01,0.2541,59346
105,mixed,16,11,5,16,27897.60,922350.37,956.16,27470.91,426.69,21.12,7213.33,20257.58,0.2586,59346
106,mixed,16,11,5,16,27934.62,926463.87,971.74,27492.51,442.11,21.63,7245.59,20246.92,0.2594,59346
107,mixed,16,11,5,16,27425.66,907126.59,962.98,26993.76,431.90,21.47,7094.45,19899.31,0.2587,59346
108,mixed,16,11,5,16,28022.40,920645.98,958.14,27585.25,437.15,21.89,7200.03,20385.22,0.2569,59346
109,mixed,16,11,5,16,27762.72,903494.94,960.22,27323.78,438.94,21.98,7066.06,20257.72,0.2545,59346
110,mixed,16,11,5,16,28319.42,936020.48,967.30,27883.10,436.32,21.02,7320.22,20562.89,0.2585,59346
111,mixed,16,11,5,16,27883.36,925686.21,960.54,27450.66,432.70,21.79,7239.43,20211.23,0.2596,59346
112,mixed,16,11,5,16,27806.82,918050.72,961.89,27376.74,430.08,22.21,7179.79,20196.95,0.2582,59346
113,mixed,16,11,5,16,28040.80,926008.70,965.12,27606.30,434.50,21.25,7241.98,20364.32,0.2583,59346
114,mixed,16,11,5,16,28367.62,926901.73,959.90,27932.32,435.30,22.94,7248.92,20683.40,0.2555,59346
115,mixed,16,11,5,16,21864.10,987571.68,956.67,21438.34,425.76,23.49,7722.88,13715.46,0.3532,59346
116,mixed,16,10,6,16,26072.93,955623.58,957.57,25639.49,433.44,23.84,7473.29,18166.20,0.2866,59346
117,mixed,16,10,6,16,25997.73,949976.61,957.34,25558.82,438.91,22.59,7429.17,18129.64,0.2858,59346
118,mixed,16,10,6,16,25993.22,947282.69,966.85,25549.66,443.55,24.00,7408.20,18141.46,0.2850,59346
119,mixed,16,10,6,16,26692.03,976093.57,965.63,26255.14,436.90,23.20,7633.28,18621.86,0.2860,59346
120,mixed,16,10,6,16,26462.69,968195.36,959.49,26028.80,433.89,22.43,7571.52,18457.28,0.2861,59346
121,mixed,16,10,6,16,26632.93,968906.66,966.72,26192.48,440.45,24.26,7577.14,18615.34,0.2845,59346
122,mixed,16,10,6,16,26211.30,963727.90,954.14,25778.40,432.90,22.88,7536.58,18241.82,0.2875,59346
123,mixed,16,10,6,16,26552.96,953445.95,960.77,26115.20,437.76,23.68,7456.30,18658.90,0.2808,59346
124,mixed,16,10,6,16,26213.98,953724.48,958.27,25775.33,438.66,24.06,7458.46,18316.87,0.2845,59346
125,mixed,16,10,6,16,27076.77,973260.54,966.34,26635.78,440.99,23.58,7611.15,19024.63,0.2811,59346
126,mixed,16,10,6,16,26480.58,971462.69,960.99,26046.43,434.14,24.13,7597.06,18449.37,0.2869,59346
127,mixed,16,10,6,16,26615.90,959093.95,963.74,26179.26,436.64,23.87,7500.45,18678.81,0.2818,59346
128,mixed,16,10,6,16,26785.79,971566.27,968.45,26346.75,439.04,24.67,7597.93,18748.82,0.2837,59346
129,mixed,16,10,6,16,26901.79,961166.46,971.90,26464.70,437.09,22.82,7516.71,18948.00,0.2794,59346
130,mixed,16,10,6,16,26867.17,956993.25,965.89,26428.90,438.27,23.65,7484.06,18944.84,0.2786,59346
131,mixed,16,10,6,16,27303.01,976148.51,975.17,26867.55,435.46,22.91,7633.78,19233.77,0.2796,59346
132,mixed,16,10,6,16,26912.86,973337.66,955.30,26478.40,434.46,23.33,7611.66,18866.74,0.2828,59346
133,mixed,16,10,6,16,26396.16,945766.18,964.00,25956.06,440.10,23.04,7396.33,18559.73,0.2802,59346
134,mixed,16,10,6,16,26760.19,958914.24,967.36,26321.95,438.24,23.33,7499.07,18822.88,0.2802,59346
135,mixed,16,10,6,16,27197.95,976877.73,955.23,26762.98,434.98,24.42,7639.32,19123.66,0.2809,59346
136,mixed,16,10,6,16,27035.42,968552.32,955.65,26603.68,431.74,24.16,7574.28,19029.40,0.2802,59346
137,mixed,16,10,6,16,27294.05,976271.46,961.25,26860.61,433.44,23.62,7634.63,19225.98,0.2797,59346
138,mixed,16,10,6,16,27383.30,975789.38,964.48,26950.56,432.74,23.42,7630.89,19319.67,0.2787,59346
139,mixed,16,10,6,16,27219.74,964691.49,959.26,26781.70,438.05,24.64,7544.15,19237.55,0.2772,59346
140,mixed,16,10,6,16,27406.75,984632.22,968.22,26970.08,436.67,25.41,7700.00,19270.08,0.2810,59346
141,mixed,16,9,7,16,22563.78,998999.01,979.46,22118.11,445.66,26.11,7812.33,14305.78,0.3462,59346
142,mixed,16,9,7,16,25427.78,994207.81,961.34,24991.81,435.97,25.34,7774.76,17217.05,0.3058,59346
143,mixed,16,9,7,16,25361.18,1009355.36,959.39,24926.50,434.69,24.74,7893.08,17033.41,0.3112,59346
144,mixed,16,9,7,16,25372.29,1016360.35,965.25,24931.07,441.22,23.90,7947.86,16983.22,0.3132,59346
145,mixed,16,9,7,16,25266.02,996345.09,967.68,24829.44,436.58,24.51,7791.51,17037.93,0.3084,59346
146,mixed,16,9,7,16,25646.72,1014068.29,963.68,25207.84,438.88,24.74,7929.94,17277.90,0.3092,59346
147,mixed,16,9,7,16,25403.94,1004472.67,958.05,24968.00,435.94,24.26,7854.93,17113.07,0.3092,59346
148,mixed,16,9,7,16,25465.50,1002099.71,958.46,25028.06,437.44,25.70,7836.39,17191.67,0.3077,59346
149,mixed,16,9,7,16,24979.90,969761.47,960.38,24545.44,434.46,25.98,7583.76,16961.68,0.3036,59346
150,mixed,16,9,7,16,26101.44,1019623.87,963.78,25654.24,447.20,24.42,7973.34,17680.90,0.3055,59346
151,mixed,16,9,7,16,24987.94,980979.81,963.01,24545.22,442.72,24.58,7671.43,16873.79,0.3070,59346
152,mixed,16,9,7,16,25691.62,998942.59,966.14,25256.54,435.07,25.86,7811.79,17444.76,0.3041,59346
153,mixed,16,9,7,16,25374.05,1001606.75,963.17,24938.94,435.10,25.06,7832.58,17106.37,0.3087,59346
154,mixed,16,9,7,16,25545.70,1004656.96,957.76,25105.34,440.35,25.82,7856.36,17248.98,0.3075,59346
155,mixed,16,9,7,16,25621.73,988230.53,965.92,25176.58,445.15,26.14,7728.10,17448.48,0.3016,59346
156,mixed,16,9,7,16,25731.81,1002117.28,958.14,25298.11,433.70,25.34,7836.53,17461.59,0.3045,59346
157,mixed,16,9,7,16,26169.47,1018896.51,957.09,25729.86,439.62,24.70,7967.61,17762.25,0.3045,59346
158,mixed,16,9,7,16,25621.09,1002411.52,950.98,25183.74,437.34,24.74,7838.77,17344.97,0.3059,59346
159,mixed,16,9,7,16,25668.22,1009282.53,966.88,25237.66,430.56,24.77,7892.57,17345.09,0.3075,59346
160,mixed,16,9,7,16,26199.71,1025546.62,961.22,25760.83,438.88,26.24,8019.59,17741.24,0.3061,59346
161,mixed,16,9,7,16,25579.65,988599.30,955.26,25148.32,431.33,25.22,7730.90,17417.42,0.3022,59346
162,mixed,16,9,7,16,25942.43,1002789.44,961.70,25503.20,439.23,25.41,7841.81,17661.39,0.3023,59346
163,mixed,16,9,7,16,25614.50,984746.50,968.38,25170.40,444.10,24.32,7700.90,17469.50,0.3006,59346
164,mixed,16,9,7,16,25865.44,997128.00,958.43,25431.20,434.24,24.10,7797.55,17633.65,0.3015,59346
165,mixed,16,9,7,16,26647.71,1021415.46,977.41,26205.70,442.02,25.18,7987.44,18218.25,0.2997,59346
166,mixed,16,9,7,16,27095.74,1046336.96,963.42,26663.04,432.70,25.54,8182.03,18481.01,0.3020,59346
167,mixed,16,9,7,16,26169.02,1020516.35,970.05,25732.10,436.93,24.80,7980.36,17751.73,0.3050,59346
168,mixed,16,9,7,16,25893.60,997375.04,961.18,25450.62,442.98,26.40,7799.50,17651.12,0.3012,59346
169,mixed,16,9,7,16,21991.97,1093066.40,967.49,21559.30,432.67,27.01,8547.14,13012.16,0.3886,59346
170,mixed,16,8,8,16,24860.51,1063797.79,968.70,24415.94,444.58,27.23,8318.49,16097.45,0.3346,59346
171,mixed,16,8,8,16,24116.67,1045736.00,960.19,23676.64,440.03,27.68,8177.31,15499.33,0.3391,59346
172,mixed,16,8,8,16,24027.68,1029941.92,970.08,23583.30,444.38,28.10,8054.00,15529.30,0.3352,59346
173,mixed,16,8,8,16,23430.56,1015243.46,962.30,22990.78,439.78,27.49,7939.11,15051.68,0.3388,59346
174,mixed,16,8,8,16,23506.53,1004510.24,960.96,23065.92,440.61,26.46,7855.24,15210.68,0.3342,59346
175,mixed,16,8,8,16,23848.58,1018721.95,964.42,23407.52,441.06,25.66,7966.30,15441.22,0.3340,59346
176,mixed,16,8,8,16,23428.58,1001626.40,966.94,22985.54,443.04,27.52,7832.76,15152.78,0.3343,59346
177,mixed,16,8,8,16,23927.90,1031805.54,967.58,23493.86,434.05,27.90,8068.54,15425.32,0.3372,59346
178,mixed,16,8,8,16,24009.31,1035760.03,974.94,23572.29,437.02,27.42,8099.49,15472.80,0.3373,59346
179,mixed,16,8,8,16,23997.34,1018044.22,971.30,23553.41,443.94,27.33,7961.06,15592.35,0.3317,59346
180,mixed,16,8,8,16,23924.00,1009673.18,954.14,23483.01,440.99,26.88,7895.53,15587.48,0.3300,59346
181,mixed,16,8,8,16,23375.39,991125.41,958.66,22939.04,436.35,26.85,7750.66,15188.38,0.3316,59346
182,mixed,16,8,8,16,24031.55,1027665.50,955.14,23587.46,444.10,26.08,8036.10,15551.36,0.3344,59346
183,mixed,16,8,8,16,23908.10,1018192.48,966.11,23460.48,447.62,27.74,7962.18,15498.30,0.3330,59346
184,mixed,16,8,8,16,24085.57,1029242.85,969.92,23642.18,443.39,26.27,8048.54,15593.64,0.3342,59346
185,mixed,16,8,8,16,23955.84,1021803.52,958.37,23521.41,434.43,27.55,7990.33,15531.08,0.3335,59346
186,mixed,16,8,8,16,23527.87,977957.44,956.99,23082.88,444.99,27.52,7647.77,15435.11,0.3251,59346
187,mixed,16,8,8,16,23802.56,1015231.49,973.79,23357.12,445.44,28.16,7939.10,15418.02,0.3335,59346
188,mixed,16,8,8,16,24448.32,1028548.03,955.52,24003.55,444.77,25.76,8043.00,15960.56,0.3290,59346
189,mixed,16,8,8,16,23792.80,1022265.60,963.42,23355.17,437.63,27.10,7993.98,15361.19,0.3360,59346
190,mixed,16,8,8,16,24321.12,1024984.58,958.69,23873.98,447.14,26.40,8015.18,15858.80,0.3296,59346
191,mixed,16,8,8,16,24079.33,1033814.62,954.11,23639.04,440.29,27.23,8084.13,15554.91,0.3357,59346
192,mixed,16,8,8,16,24632.96,1052526.88,972.32,24194.88,438.08,27.39,8230.46,15964.42,0.3341,59346
193,mixed,16,8,8,16,23672.13,1000578.53,961.12,23229.70,442.43,28.03,7824.53,15405.17,0.3305,59346
194,mixed,16,8,8,16,24565.09,1044899.62,959.62,24124.00,441.09,28.19,8170.78,15953.22,0.3326,59346
195,mixed,16,8,8,16,25153.66,1054096.77,958.82,24713.79,439.87,27.10,8242.62,16471.17,0.3277,59346
196,mixed,16,8,8,16,24460.77,1029032.64,959.23,24019.30,441.47,26.85,8046.81,15972.48,0.3290,59346
197,mixed,16,8,8,16,24313.02,1034042.75,963.74,23861.22,451.81,27.87,8085.99,15775.23,0.3326,59346
198,mixed,16,8,8,16,24846.21,1051947.87,948.19,24410.30,435.90,26.05,8225.75,16184.55,0.3311,59346
199,mixed,16,8,8,16,24044.35,1008935.23,969.50,23608.58,435.78,27.36,7889.88,15718.70,0.3281,59346
200,mixed,16,8,8,16,25436.26,1055919.26,954.53,24978.14,458.11,28.48,8256.83,16721.32,0.3246,59346
201,mixed,16,8,8,16,19348.67,1070621.86,967.62,18910.05,438.62,28.93,8371.79,10538.26,0.4327,59346
202,mixed,16,7,9,16,22520.96,1045481.82,962.72,22084.22,436.74,27.81,8175.35,13908.88,0.3630,59346
203,mixed,16,7,9,16,22656.93,1057636.13,968.45,22216.10,440.83,28.80,8270.35,13945.75,0.3650,59346
204,mixed,16,7,9,16,22859.90,1058035.01,964.03,22417.02,442.88,28.22,8273.43,14143.59,0.3619,59346
205,mixed,16,7,9,16,23035.68,1062153.15,964.38,22590.30,445.38,29.09,8305.61,14284.70,0.3606,59346
206,mixed,16,7,9,16,23015.17,1071216.32,956.13,22565.38,449.79,28.99,8376.35,14189.03,0.3639,59346
207,mixed,16,7,9,16,23486.05,1079048.35,963.78,23038.05,448.00,29.41,8437.59,14600.45,0.3593,59346
208,mixed,16,7,9,16,23123.10,1078829.63,959.65,22681.95,441.15,29.57,8435.85,14246.10,0.3648,59346
209,mixed,16,7,9,16,23044.61,1073155.68,960.61,22602.56,442.05,27.74,8391.53,14211.03,0.3641,59346
210,mixed,16,7,9,16,23524.67,1087365.98,976.29,23082.37,442.30,28.93,8502.67,14579.69,0.3614,59346
211,mixed,16,7,9,16,22742.37,1059444.61,964.83,22294.50,447.87,28.58,8284.45,14010.05,0.3643,59346
212,mixed,16,7,9,16,22327.78,1050586.75,955.94,21888.64,439.14,28.58,8215.18,13673.46,0.3679,59346
213,mixed,16,7,9,16,23458.46,1085722.82,959.97,23016.70,441.76,29.79,8489.71,14526.99,0.3619,59346
214,mixed,16,7,9,16,23192.35,1062648.42,961.38,22739.36,452.99,29.89,8309.45,14429.91,0.3583,59346
215,mixed,16,7,9,16,22850.18,1056285.86,961.79,22411.78,438.40,27.87,8259.75,14152.03,0.3615,59346
216,mixed,16,7,9,16,23356.86,1080886.40,956.58,22915.10,441.76,27.87,8451.90,14463.21,0.3619,59346
217,mixed,16,7,9,16,23858.98,1088662.56,964.90,23404.26,454.72,28.51,8512.71,14891.54,0.3568,59346
218,mixed,16,7,9,16,22344.93,1037375.33,968.42,21902.62,442.30,28.80,8112.06,13790.56,0.3630,59346
219,mixed,16,7,9,16,23644.32,1075185.60,958.11,23204.45,439.87,29.22,8407.37,14797.08,0.3556,59346
220,mixed,16,7,9,16,23947.36,1085883.78,951.39,23501.82,445.54,28.26,8490.90,15010.92,0.3546,59346
221,mixed,16,7,9,16,23606.66,1089881.86,957.82,23165.47,441.18,29.57,8522.18,14643.29,0.3610,59346
222,mixed,16,7,9,16,23432.70,1075572.29,957.28,22986.78,445.92,29.22,8410.39,14576.40,0.3589,59346
223,mixed,16,7,9,16,24015.52,1098271.26,969.66,23579.26,436.26,28.10,8587.82,14991.44,0.3576,59346
224,mixed,16,7,9,16,22810.34,1049669.34,960.26,22366.40,443.94,28.70,8208.04,14158.36,0.3598,59346
225,mixed,16,7,9,16,23359.58,1075529.54,973.66,22911.46,448.13,27.78,8410.18,14501.27,0.3600,59346
226,mixed,16,7,9,16,23681.98,1078435.33,961.95,23230.82,451.17,28.10,8432.79,14798.02,0.3561,59346
227,mixed,16,7,9,16,24478.46,1108429.44,952.26,24030.91,447.55,29.06,8667.04,15363.87,0.3541,59346
228,mixed,16,7,9,16,24670.30,1105988.45,973.79,24225.25,445.06,29.50,8648.14,15577.11,0.3505,59346
229,mixed,16,7,9,16,23813.76,1083141.44,955.71,23375.65,438.11,29.47,8469.51,14906.14,0.3557,59346
230,mixed,16,7,9,16,23164.74,1061747.14,961.66,22722.82,441.92,29.82,8302.41,14420.40,0.3584,59346
231,mixed,16,7,9,16,23232.45,1065148.48,954.91,22787.49,444.96,29.44,8328.93,14458.56,0.3585,59346
232,mixed,16,7,9,16,23318.94,1077816.35,970.18,22880.67,438.27,28.93,8428.02,14452.65,0.3614,59346
233,mixed,16,7,9,16,24283.20,1094761.89,971.90,23838.75,444.45,29.02,8560.42,15278.33,0.3525,59346
234,mixed,16,7,9,16,24277.34,1098107.49,962.66,23836.99,440.35,29.25,8586.49,15250.51,0.3537,59346
235,mixed,16,7,9,16,23579.90,1074783.78,972.32,23134.21,445.70,29.79,8404.34,14729.86,0.3564,59346
236,mixed,16,7,9,16,24706.94,1097224.13,968.22,24253.44,453.50,29.54,8579.63,15673.81,0.3473,59346
237,mixed,16,7,9,16,22591.17,1086303.90,962.72,22142.66,448.51,31.33,8494.27,13648.39,0.3760,59346
238,mixed,16,6,10,16,21779.20,1103207.58,976.42,21338.14,441.06,30.78,8626.44,12711.71,0.3961,59346
239,mixed,16,6,10,16,21937.73,1108079.65,953.15,21493.02,444.70,30.37,8664.32,12828.71,0.3950,59346
240,mixed,16,6,10,16,22846.98,1133996.83,970.37,22397.18,449.79,32.26,8866.93,13530.25,0.3881,59346
241,mixed,16,6,10,16,22134.21,1111765.18,959.17,21682.21,452.00,31.30,8693.16,12989.05,0.3927,59346
242,mixed,16,6,10,16,21429.82,1086738.21,966.14,20983.46,446.37,29.82,8497.69,12485.77,0.3965,59346
243,mixed,16,6,10,16,21537.50,1089159.87,941.60,21097.02,440.48,30.69,8516.42,12580.61,0.3954,59346
244,mixed,16,6,10,16,21917.86,1091342.98,959.94,21466.75,451.10,30.66,8533.62,12933.14,0.3893,59346
245,mixed,16,6,10,16,21960.42,1102113.41,966.66,21514.91,445.50,30.27,8617.81,12897.10,0.3924,59346
246,mixed,16,6,10,16,22973.82,1134535.87,955.23,22519.90,453.92,30.24,8871.02,13648.88,0.3861,59346
247,mixed,16,6,10,16,22535.55,1121005.25,967.71,22084.29,451.26,30.34,8765.41,13318.87,0.3890,59346
248,mixed,16,6,10,16,22157.89,1102667.62,961.41,21702.46,455.42,31.36,8622.10,13080.36,0.3891,59346
249,mixed,16,6,10,16,21980.29,1104200.77,948.77,21535.39,444.90,31.78,8633.98,12901.41,0.3928,59346
250,mixed,16,6,10,16,21594.78,1098295.74,957.34,21146.98,447.81,31.65,8587.91,12559.06,0.3977,59346
251,mixed,16,6,10,16,22874.46,1129523.71,960.58,22433.09,441.38,32.38,8831.91,13601.18,0.3861,59346
252,mixed,16,6,10,16,22071.10,1111170.14,960.10,21624.48,446.62,31.36,8688.52,12935.96,0.3937,59346
253,mixed,16,6,10,16,22375.68,1120559.14,956.74,21929.28,446.40,32.13,8761.84,13167.44,0.3916,59346
254,mixed,16,6,10,16,23021.76,1139826.53,966.21,22572.99,448.77,31.10,8912.44,13660.55,0.3871,59346
255,mixed,16,6,10,16,22888.48,1136380.10,971.04,22452.32,436.16,30.75,8885.56,13566.76,0.3882,59346
256,mixed,16,6,10,16,21933.18,1107911.42,963.52,21491.26,441.92,31.97,8663.09,12828.18,0.3950,59346
257,mixed,16,6,10,16,23300.03,1147995.87,970.85,22854.37,445.66,31.58,8976.30,13878.07,0.3852,59346
258,mixed,16,6,10,16,22605.06,1124665.15,962.46,22154.82,450.24,31.68,8793.97,13360.85,0.3890,59346
259,mixed,16,6,10,16,23623.62,1151589.92,966.78,23178.75,444.86,31.26,9004.35,14174.40,0.3812,59346
260,mixed,16,6,10,16,23783.39,1153090.82,978.50,23336.13,447.26,31.30,9016.17,14319.96,0.3791,59346
261,mixed,16,6,10,16,21896.67,1104836.83,974.08,21453.60,443.07,31.01,8639.15,12814.45,0.3945,59346
262,mixed,16,6,10,16,22429.44,1109792.42,963.42,21982.50,446.94,31.65,8677.78,13304.72,0.3869,59346
263,mixed,16,6,10,16,23366.37,1138423.42,964.67,22915.46,450.91,31.68,8901.47,14013.99,0.3810,59346
264,mixed,16,6,10,16,22601.79,1125272.67,975.87,22158.05,443.74,30.85,8798.82,13359.23,0.3893,59346
265,mixed,16,6,10,16,22919.17,1129142.98,966.27,22461.06,458.11,31.39,8828.98,13632.08,0.3852,59346
266,mixed,16,6,10,16,23282.08,1136444.90,965.82,22830.72,451.36,30.82,8886.02,13944.70,0.3817,59346
267,mixed,16,6,10,16,22958.94,1122238.62,957.34,22505.15,453.79,30.62,8774.97,13730.18,0.3822,59346
268,mixed,16,6,10,16,21842.46,1086557.98,959.74,21396.29,446.18,31.94,8496.23,12900.06,0.3890,59346
269,mixed,16,6,10,16,22126.85,1093841.02,959.33,21676.22,450.62,32.16,8553.13,13123.10,0.3865,59346
270,mixed,16,6,10,16,23392.16,1136832.54,959.01,22944.54,447.62,31.14,8889.00,14055.55,0.3800,59346
271,mixed,16,6,10,16,22225.70,1103599.90,971.84,21779.97,445.73,32.19,8629.47,13150.50,0.3883,59346
272,mixed,16,6,10,16,22732.13,1111974.27,954.02,22280.99,451.14,31.74,8694.75,13586.24,0.3825,59346
273,mixed,16,6,10,16,22769.70,1116159.10,958.66,22320.10,449.60,30.50,8727.48,13592.61,0.3833,59346
274,mixed,16,6,10,16,23326.75,1131926.24,964.16,22878.34,448.42,30.94,8850.71,14027.63,0.3794,59346
275,mixed,16,6,10,16,21903.58,1097392.99,967.81,21462.27,441.31,30.82,8580.94,12881.33,0.3918,59346
276,mixed,16,6,10,16,22501.47,1111325.12,954.94,22053.09,448.38,31.81,8689.69,13363.40,0.3862,59346
277,mixed,16,6,10,16,22922.78,1120347.20,967.65,22475.71,447.07,32.45,8760.27,13715.44,0.3822,59346
278,mixed,16,6,10,16,23087.71,1127944.61,964.03,22640.51,447.20,32.22,8819.60,13820.91,0.3820,59346
279,mixed,16,6,10,16,23364.67,1134278.24,965.54,22922.40,442.27,31.81,8869.09,14053.31,0.3796,59346
280,mixed,16,6,10,16,20137.98,1151109.12,972.03,19695.87,442.11,33.57,9000.63,10695.24,0.4469,59346
281,mixed,16,5,11,16,20566.18,1138247.49,959.26,20121.12,445.06,33.34,8900.05,11221.07,0.4328,59346
282,mixed,16,5,11,16,20548.86,1122657.41,970.69,20105.02,443.84,32.83,8778.34,11326.68,0.4272,59346
283,mixed,16,5,11,16,21570.94,1158624.13,962.43,21122.14,448.80,32.61,9059.27,12062.87,0.4200,59346
284,mixed,16,5,11,16,21252.93,1153047.10,966.37,20807.84,445.09,32.86,9015.73,11792.11,0.4242,59346
285,mixed,16,5,11,16,20590.78,1132642.24,960.86,20144.67,446.11,33.70,8856.27,11288.40,0.4301,59346
286,mixed,16,5,11,16,20992.93,1140296.22,961.63,20543.14,449.79,33.89,8916.08,11627.06,0.4247,59346
287,mixed,16,5,11,16,20639.71,1129086.75,971.33,20194.62,445.09,33.12,8828.58,11366.05,0.4277,59346
288,mixed,16,5,11,16,20824.99,1135524.19,959.14,20373.50,451.49,32.77,8878.78,11494.73,0.4264,59346
289,mixed,16,5,11,16,21360.22,1154012.19,964.42,20916.58,443.65,34.34,9023.25,11893.32,0.4224,59346
290,mixed,16,5,11,16,22215.20,1175105.60,974.82,21767.58,447.62,34.40,9188.13,12579.46,0.4136,59346
291,mixed,16,5,11,16,21862.30,1159981.12,968.45,21413.31,448.99,34.50,9069.92,12343.39,0.4149,59346
292,mixed,16,5,11,16,21790.59,1168251.62,961.98,21349.70,440.90,33.44,9134.48,12215.21,0.4192,59346
293,mixed,16,5,11,16,21906.53,1170574.53,974.11,21466.21,440.32,31.74,9152.72,12313.48,0.4178,59346
294,mixed,16,5,11,16,21291.65,1151165.28,962.11,20832.86,458.78,33.41,9001.00,11831.87,0.4227,59346
295,mixed,16,5,11,16,21984.03,1163158.18,976.93,21531.39,452.64,34.14,9094.81,12436.59,0.4137,59346
296,mixed,16,5,11,16,22145.57,1175755.04,967.04,21689.47,456.10,33.25,9193.14,12496.33,0.4151,59346
297,mixed,16,5,11,16,22492.67,1187668.64,963.71,22043.71,448.96,33.76,9286.19,12757.52,0.4129,59346
298,mixed,16,5,11,16,22251.20,1177845.95,973.66,21803.01,448.19,34.05,9209.53,12593.48,0.4139,59346
299,mixed,16,5,11,16,21311.04,1150580.80,959.42,20863.36,447.68,33.66,8996.41,11866.95,0.4221,59346
300,mixed,16,5,11,16,21136.06,1144366.53,964.90,20685.06,451.01,33.66,8947.90,11737.15,0.4233,59346
301,mixed,16,5,11,16,21812.58,1165368.96,961.06,21375.49,437.09,31.78,9111.95,12263.53,0.4177,59346
302,mixed,16,5,11,16,22016.19,1163149.15,965.12,21567.33,448.86,32.19,9094.64,12472.69,0.4131,59346
303,mixed,16,5,11,16,21952.13,1163503.36,959.10,21507.62,444.51,33.47,9097.36,12410.25,0.4144,59346
304,mixed,16,5,11,16,21997.60,1167892.48,962.02,21551.71,445.89,34.27,9131.68,12420.04,0.4151,59346
305,mixed,16,5,11,16,22017.41,1169682.94,969.34,21567.23,450.18,32.16,9145.72,12421.51,0.4154,59346
306,mixed,16,5,11,16,21643.14,1149518.78,964.35,21196.42,446.72,33.28,8988.15,12208.27,0.4153,59346
307,mixed,16,5,11,16,21361.09,1143186.27,962.21,20919.58,441.50,32.86,8938.66,11980.92,0.4185,59346
308,mixed,16,5,11,16,21459.14,1148867.07,967.36,21013.28,445.86,33.82,8983.08,12030.20,0.4186,59346
309,mixed,16,5,11,16,22317.50,1182355.58,960.74,21869.66,447.84,34.08,9244.66,12625.01,0.4142,59346
310,mixed,16,5,11,16,22654.72,1178674.11,963.39,22201.66,453.06,32.35,9215.92,12985.75,0.4068,59346
311,mixed,16,5,11,16,22084.96,1158352.38,968.99,21637.86,447.10,33.60,9057.20,12580.66,0.4101,59346
312,mixed,16,5,11,16,21723.81,1158681.76,961.57,21273.28,450.53,34.08,9059.71,12213.57,0.4170,59346
313,mixed,16,5,11,16,21723.55,1161034.30,963.23,21274.53,449.02,34.14,9078.11,12196.42,0.4179,59346
314,mixed,16,5,11,16,22676.86,1185097.89,966.27,22233.47,443.39,32.29,9266.13,12967.35,0.4086,59346
315,mixed,16,5,11,16,22243.14,1171220.54,973.60,21797.82,445.31,34.43,9157.77,12640.06,0.4117,59346
316,mixed,16,5,11,16,22675.42,1188871.33,959.52,22230.37,445.06,32.03,9295.55,12934.81,0.4099,59346
317,mixed,16,5,11,16,22167.39,1175862.24,974.53,21725.76,441.63,32.26,9194.04,12531.72,0.4148,59346
318,mixed,16,5,11,16,22778.62,1182571.17,957.38,22334.50,444.13,33.22,9246.32,13088.18,0.4059,59346
319,mixed,16,5,11,16,22040.38,1162245.47,974.69,21595.46,444.93,33.54,9087.66,12507.80,0.4123,59346
320,mixed,16,5,11,16,22298.85,1174156.86,963.26,21847.33,451.52,33.02,9180.63,12666.70,0.4117,59346
321,mixed,16,5,11,16,21762.98,1155370.05,966.59,21313.28,449.70,33.70,9033.88,12279.40,0.4151,59346
322,mixed,16,5,11,16,22547.07,1187408.26,972.54,22102.59,444.48,34.27,9284.23,12818.37,0.4118,59346
323,mixed,16,5,11,16,21973.82,1160972.22,968.29,21525.70,448.13,34.11,9077.66,12448.04,0.4131,59346
324,mixed,16,5,11,16,22468.93,1178524.38,968.10,22024.93,444.00,33.89,9214.78,12810.14,0.4101,59346
325,mixed,16,5,11,16,22108.54,1154744.06,965.44,21656.38,452.16,32.86,9028.98,12627.40,0.4084,59346
326,mixed,16,5,11,16,22545.38,1180144.19,965.54,22096.54,448.83,35.17,9227.42,12869.12,0.4093,59346
327,mixed,16,5,11,16,22370.14,1169336.74,970.91,21928.00,442.14,33.79,9143.03,12784.97,0.4087,59346
328,mixed,16,5,11,16,21950.53,1156276.00,967.04,21493.18,457.34,34.14,9040.96,12452.22,0.4119,59346
329,mixed,16,5,11,16,22426.05,1174764.29,963.20,21971.87,454.18,34.37,9185.37,12786.50,0.4096,59346
330,mixed,16,5,11,16,22231.01,1160474.27,960.03,21779.62,451.39,35.01,9073.71,12705.91,0.4082,59346
331,mixed,16,5,11,16,20071.84,1177458.11,970.27,19621.28,450.56,34.66,9206.47,10414.81,0.4587,59346
332,mixed,16,4,12,16,21600.10,1238200.00,969.22,21151.87,448.22,34.37,9681.01,11470.86,0.4482,59346
333,mixed,16,4,12,16,21273.60,1215103.39,969.12,20824.19,449.41,35.39,9500.57,11323.63,0.4466,59346
334,mixed,16,4,12,16,20579.07,1198224.90,962.43,20131.23,447.84,35.94,9368.65,10762.58,0.4553,59346
335,mixed,16,4,12,16,21113.25,1210036.80,960.22,20664.70,448.54,36.10,9460.91,11203.79,0.4481,59346
336,mixed,16,4,12,16,21126.98,1218542.30,967.81,20685.28,441.70,34.72,9527.42,11157.86,0.4510,59346
337,mixed,16,4,12,16,20545.09,1194427.26,980.93,20089.86,455.23,35.01,9339.13,10750.73,0.4546,59346
338,mixed,16,4,12,16,20871.81,1199707.97,979.71,20418.34,453.47,35.87,9380.37,11037.96,0.4494,59346
339,mixed,16,4,12,16,20802.91,1197068.64,966.53,20352.96,449.95,35.07,9359.65,10993.31,0.4499,59346
340,mixed,16,4,12,16,20613.89,1183458.59,971.94,20165.86,448.03,34.02,9253.36,10912.49,0.4489,59346
341,mixed,16,4,12,16,20700.26,1190987.84,966.88,20246.69,453.57,36.03,9312.15,10934.54,0.4499,59346
342,mixed,16,4,12,16,20394.11,1179824.45,961.47,19944.83,449.28,35.55,9224.89,10719.94,0.4523,59346
343,mixed,16,4,12,16,20553.09,1187689.92,978.14,20106.62,446.46,35.30,9286.47,10820.15,0.4518,59346
344,mixed,16,4,12,16,19919.55,1167808.38,965.09,19463.23,456.32,34.66,9131.04,10332.19,0.4584,59346
345,mixed,16,4,12,16,20653.57,1202333.12,973.34,20205.63,447.94,35.46,9400.83,10804.80,0.4552,59346
346,mixed,16,4,12,16,20973.25,1209989.57,964.58,20528.42,444.83,35.97,9460.58,11067.84,0.4511,59346
347,mixed,16,4,12,16,21345.86,1217055.36,983.97,20903.42,442.43,35.23,9515.93,11387.49,0.4458,59346
348,mixed,16,4,12,16,21332.77,1220795.62,959.74,20882.43,450.34,37.47,9544.96,11337.47,0.4474,59346
349,mixed,16,4,12,16,21259.74,1223114.91,966.27,20807.58,452.16,36.13,9563.13,11244.45,0.4498,59346
350,mixed,16,4,12,16,21167.94,1216300.67,976.35,20726.18,441.76,35.52,9509.98,11216.20,0.4493,59346
351,mixed,16,4,12,16,21279.58,1215005.34,981.41,20834.53,445.06,35.26,9499.90,11334.63,0.4464,59346
352,mixed,16,4,12,16,20641.66,1198704.26,970.37,20189.34,452.32,34.72,9372.46,10816.89,0.4541,59346
353,mixed,16,4,12,16,20373.18,1189878.18,959.74,19920.99,452.19,35.58,9303.42,10617.57,0.4567,59346
354,mixed,16,4,12,16,20853.95,1205143.07,963.46,20414.21,439.74,36.13,9422.71,10991.50,0.4518,59346
355,mixed,16,4,12,16,21191.68,1206724.13,971.81,20745.54,446.14,36.99,9435.12,11310.41,0.4452,59346
356,mixed,16,4,12,16,21014.75,1210089.06,966.66,20569.95,444.80,35.78,9461.37,11108.58,0.4502,59346
357,mixed,16,4,12,16,20777.73,1207355.87,971.30,20339.58,438.14,35.14,9440.06,10899.53,0.4543,59346
358,mixed,16,4,12,16,21078.50,1209232.90,961.06,20638.85,439.65,34.46,9454.64,11184.21,0.4485,59346
359,mixed,16,4,12,16,20931.84,1199719.62,975.17,20491.90,439.94,35.55,9380.43,11111.48,0.4481,59346
360,mixed,16,4,12,16,21350.46,1232662.02,967.23,20904.77,445.70,36.42,9637.73,11267.04,0.4514,59346
361,mixed,16,4,12,16,21272.10,1220109.41,970.82,20826.46,445.63,36.06,9539.69,11286.77,0.4485,59346
362,mixed,16,4,12,16,21080.54,1207591.71,967.52,20623.01,457.54,35.84,9441.87,11181.14,0.4479,59346
363,mixed,16,4,12,16,20514.88,1192309.28,975.68,20066.37,448.51,36.35,9322.54,10743.83,0.4544,59346
364,mixed,16,4,12,16,21691.58,1232271.87,975.01,21234.62,456.96,36.77,9634.74,11599.88,0.4442,59346
365,mixed,16,4,12,16,20328.48,1182457.57,965.41,19881.79,446.69,36.35,9245.49,10636.30,0.4548,59346
366,mixed,16,4,12,16,21182.72,1216797.50,970.40,20735.39,447.33,35.55,9513.81,11221.58,0.4491,59346
367,mixed,16,4,12,16,20852.45,1203316.06,973.63,20410.98,441.47,34.82,9408.51,11002.46,0.4512,59346
368,mixed,16,4,12,16,20823.65,1208391.36,964.61,20379.97,443.68,34.88,9448.09,10931.87,0.4537,59346
369,mixed,16,4,12,16,20317.06,1180976.32,966.72,19864.64,452.42,35.87,9233.93,10630.71,0.4545,59346
370,mixed,16,4,12,16,20666.30,1196778.98,971.74,20223.17,443.14,35.42,9357.43,10865.74,0.4528,59346
371,mixed,16,4,12,16,21372.06,1218014.59,971.10,20924.29,447.78,37.15,9523.33,11400.96,0.4456,59346
372,mixed,16,4,12,16,20333.76,1189593.57,975.52,19891.42,442.34,34.59,9301.32,10590.10,0.4574,59346
373,mixed,16,4,12,16,20597.86,1193333.25,967.42,20153.82,444.03,34.05,9330.47,10823.35,0.4530,59346
374,mixed,16,4,12,16,21076.77,1208867.49,976.74,20618.78,457.98,34.94,9451.91,11166.88,0.4485,59346
375,mixed,16,4,12,16,20861.50,1193565.22,966.46,20408.19,453.31,36.48,9332.28,11075.91,0.4473,59346
376,mixed,16,4,12,16,20772.99,1199895.46,966.82,20328.13,444.86,36.61,9381.74,10946.39,0.4516,59346
377,mixed,16,4,12,16,20613.73,1192683.04,961.18,20163.30,450.43,36.19,9325.35,10837.95,0.4524,59346
378,mixed,16,4,12,16,20676.99,1194770.66,964.06,20226.43,450.56,36.35,9341.68,10884.75,0.4518,59346
379,mixed,16,4,12,16,21120.22,1214696.93,960.93,20665.34,454.88,36.83,9497.33,11168.02,0.4497,59346
380,mixed,16,4,12,16,20855.94,1200147.94,968.42,20405.18,450.75,36.22,9383.72,11021.46,0.4499,59346
381,mixed,16,4,12,16,21113.50,1205116.48,962.34,20662.88,450.62,35.46,9422.49,11240.39,0.4463,59346
382,mixed,16,4,12,16,21043.49,1211138.88,973.54,20601.28,442.21,33.82,9469.63,11131.65,0.4500,59346
383,mixed,16,4,12,16,20861.63,1199146.27,971.58,20413.22,448.42,36.29,9375.92,11037.30,0.4494,59346
384,mixed,16,4,12,16,20783.42,1204072.03,961.12,20338.50,444.93,36.13,9414.32,10924.17,0.4530,59346
385,mixed,16,4,12,16,21140.70,1207822.88,961.12,20686.91,453.79,36.13,9443.62,11243.29,0.4467,59346
386,mixed,16,4,12,16,20849.31,1206645.98,958.59,20404.74,444.58,33.63,9434.41,10970.33,0.4525,59346
387,mixed,16,4,12,16,20700.45,1190415.90,970.53,20251.01,449.44,36.26,9307.71,10943.30,0.4496,59346
388,mixed,16,4,12,16,20703.68,1202604.64,977.89,20252.67,451.01,36.26,9402.99,10849.68,0.4542,59346
389,mixed,16,4,12,16,19991.46,1178191.52,968.32,19541.63,449.82,35.36,9212.19,10329.45,0.4608,59346
390,mixed,16,4,12,16,20968.90,1210642.18,966.05,20522.11,446.78,35.84,9465.69,11056.42,0.4514,59346
391,mixed,16,4,12,16,20704.61,1196747.36,973.82,20257.82,446.78,35.62,9357.20,10900.63,0.4519,59346
392,mixed,16,4,12,16,20965.66,1208124.86,968.90,20516.51,449.15,36.32,9446.05,11070.47,0.4505,59346
393,mixed,16,4,12,16,20975.04,1211922.14,969.63,20527.10,447.94,35.52,9475.72,11051.39,0.4518,59346
394,mixed,16,4,12,16,20782.08,1201466.34,966.37,20325.02,457.06,38.11,9394.01,10931.02,0.4520,59346
395,mixed,16,4,12,16,19961.34,1232236.16,965.18,19504.58,456.77,38.46,9634.39,9870.19,0.4827,59346
396,mixed,16,3,13,16,20034.43,1254092.83,973.54,19585.76,448.67,37.86,9805.21,9780.55,0.4894,59346
397,mixed,16,3,13,16,20151.78,1246812.38,962.53,19703.58,448.19,38.27,9748.24,9955.34,0.4837,59346
398,mixed,16,3,13,16,20204.06,1252495.33,968.06,19757.73,446.34,38.34,9792.68,9965.05,0.4847,59346
399,mixed,16,3,13,16,20995.36,1263960.26,981.34,20541.34,454.02,38.05,9882.36,10658.99,0.4707,59346
400,mixed,16,3,13,16,20587.26,1258180.54,954.72,20142.62,444.64,38.50,9836.99,10305.63,0.4778,59346
401,mixed,16,3,13,16,20467.01,1241787.46,974.56,20012.26,454.75,38.05,9709.08,10303.18,0.4744,59346
402,mixed,16,3,13,16,20536.58,1252854.91,975.26,20078.98,457.60,38.53,9795.55,10283.43,0.4770,59346
403,mixed,16,3,13,16,20561.66,1256528.45,966.56,20111.10,450.56,39.01,9824.18,10286.92,0.4778,59346
404,mixed,16,3,13,16,20311.07,1260420.99,972.74,19863.49,447.58,38.75,9854.64,10008.85,0.4852,59346
405,mixed,16,3,13,16,20871.94,1257475.30,968.16,20417.25,454.69,39.39,9831.59,10585.66,0.4710,59346
406,mixed,16,3,13,16,20283.74,1247953.28,953.12,19837.95,445.79,37.44,9757.08,10080.87,0.4810,59346
407,mixed,16,3,13,16,20863.55,1252075.10,972.45,20404.06,459.49,38.69,9789.43,10614.63,0.4692,59346
408,mixed,16,3,13,16,20863.49,1266376.16,969.95,20417.18,446.30,38.69,9901.14,10516.04,0.4746,59346
409,mixed,16,3,13,16,20863.62,1266144.80,966.30,20421.54,442.08,36.96,9899.31,10522.23,0.4745,59346
410,mixed,16,3,13,16,20119.26,1234415.81,962.75,19670.02,449.25,36.96,9651.40,10018.62,0.4797,59346
411,mixed,16,3,13,16,20787.10,1256387.14,962.78,20336.83,450.27,37.38,9823.05,10513.79,0.4726,59346
412,mixed,16,3,13,16,20695.33,1261350.30,965.54,20246.08,449.25,38.72,9861.84,10384.24,0.4765,59346
413,mixed,16,3,13,16,20431.87,1247186.78,965.28,19988.86,443.01,37.57,9751.19,10237.68,0.4773,59346
414,mixed,16,3,13,16,20370.43,1257861.86,963.23,19917.63,452.80,37.02,9834.57,10083.06,0.4828,59346
415,mixed,16,3,13,16,20456.70,1246829.12,957.73,20010.46,446.24,36.80,9748.33,10262.13,0.4765,59346
416,mixed,16,3,13,16,20540.54,1259601.86,969.18,20091.49,449.06,38.59,9848.21,10243.28,0.4795,59346
417,mixed,16,3,13,16,20976.32,1278125.02,964.03,20527.68,448.64,36.96,9992.88,10534.80,0.4764,59346
418,mixed,16,3,13,16,21170.08,1280696.99,969.79,20720.80,449.28,39.10,10013.02,10707.78,0.4730,59346
419,mixed,16,3,13,16,20789.82,1254755.97,972.96,20342.85,446.98,38.05,9810.38,10532.47,0.4719,59346
420,mixed,16,3,13,16,21187.04,1283446.08,970.75,20738.59,448.45,39.10,10034.51,10704.09,0.4736,59346
421,mixed,16,3,13,16,20907.17,1273951.33,974.24,20453.76,453.41,38.56,9960.36,10493.40,0.4764,59346
422,mixed,16,3,13,16,20726.66,1260584.06,964.70,20274.40,452.26,38.11,9855.85,10418.55,0.4755,59346
423,mixed,16,3,13,16,20550.88,1267581.15,965.57,20106.34,444.54,38.40,9910.52,10195.81,0.4822,59346
424,mixed,16,3,13,16,20808.58,1270578.69,969.89,20366.02,442.56,37.73,9933.97,10432.04,0.4774,59346
425,mixed,16,3,13,16,20720.80,1274400.99,959.62,20283.62,437.18,39.04,9963.75,10319.86,0.4809,59346
426,mixed,16,3,13,16,21052.00,1263447.74,982.91,20599.14,452.86,39.49,9878.36,10720.77,0.4692,59346
427,mixed,16,3,13,16,21178.98,1272027.62,972.42,20736.51,442.46,37.28,9945.31,10791.20,0.4696,59346
428,mixed,16,3,13,16,20650.53,1260209.44,969.09,20206.53,444.00,38.40,9852.96,10353.57,0.4771,59346
429,mixed,16,3,13,16,20733.70,1257175.39,955.42,20277.60,456.10,37.95,9829.15,10448.45,0.4741,59346
430,mixed,16,3,13,16,20834.43,1266405.02,958.69,20382.69,451.74,37.12,9901.28,10481.41,0.4752,59346
431,mixed,16,3,13,16,20909.95,1265554.37,957.79,20461.25,448.70,39.55,9894.63,10566.62,0.4732,59346
432,mixed,16,3,13,16,20839.58,1268336.00,960.64,20394.02,445.57,38.88,9916.38,10477.64,0.4758,59346
433,mixed,16,3,13,16,20736.51,1268129.44,961.31,20286.53,449.98,39.14,9914.77,10371.76,0.4781,59346
434,mixed,16,3,13,16,20580.32,1264041.41,954.05,20135.10,445.22,37.66,9882.78,10252.33,0.4802,59346
435,mixed,16,3,13,16,21085.31,1288359.17,964.06,20640.32,444.99,37.86,10072.84,10567.48,0.4777,59346
436,mixed,16,3,13,16,20850.34,1269837.73,968.96,20401.09,449.25,39.01,9928.18,10472.91,0.4762,59346
437,mixed,16,3,13,16,21257.57,1279281.34,970.27,20812.06,445.50,38.02,10001.97,10810.10,0.4705,59346
438,mixed,16,3,13,16,20297.06,1243854.56,966.91,19840.90,456.16,38.18,9725.17,10115.73,0.4791,59346
439,mixed,16,3,13,16,20822.14,1262310.66,963.20,20365.95,456.19,38.56,9869.33,10496.62,0.4740,59346
440,mixed,16,3,13,16,20513.70,1250063.42,970.69,20059.68,454.02,39.46,9773.70,10285.98,0.4764,59346
441,mixed,16,3,13,16,20747.14,1263539.04,967.55,20294.72,452.42,38.53,9878.96,10415.76,0.4762,59346
442,mixed,16,3,13,16,21168.67,1262740.77,981.73,20712.45,456.22,37.38,9872.83,10839.62,0.4664,59346
443,mixed,16,3,13,16,20992.51,1281123.78,966.50,20549.38,443.14,38.72,10016.33,10533.05,0.4771,59346
444,mixed,16,3,13,16,20748.86,1266738.05,963.14,20294.11,454.75,39.20,9903.92,10390.20,0.4773,59346
445,mixed,16,3,13,16,20507.01,1250910.05,962.69,20061.54,445.47,38.75,9780.26,10281.28,0.4769,59346
446,mixed,16,3,13,16,20416.26,1253274.30,962.69,19972.86,443.39,38.98,9798.73,10174.14,0.4799,59346
447,mixed,16,3,13,16,20858.05,1268371.36,970.82,20409.06,448.99,37.06,9916.74,10492.32,0.4754,59346
448,mixed,16,3,13,16,20824.03,1267315.36,965.66,20373.25,450.78,38.30,9908.45,10464.80,0.4758,59346
449,mixed,16,3,13,16,20779.90,1258757.02,967.78,20332.45,447.46,39.49,9841.60,10490.85,0.4736,59346
450,mixed,16,3,13,16,20794.69,1273867.52,976.00,20349.50,445.18,39.97,9959.72,10389.79,0.4790,59346
451,mixed,16,3,13,16,20890.02,1271594.11,969.15,20440.26,449.76,36.86,9941.90,10498.36,0.4759,59346
452,mixed,16,3,13,16,20576.26,1252631.55,972.93,20121.12,455.14,39.94,9793.78,10327.34,0.4760,59346
453,mixed,16,3,13,16,20426.75,1245634.05,978.82,19974.21,452.54,38.78,9739.16,10235.05,0.4768,59346
454,mixed,16,3,13,16,20325.79,1261730.24,965.73,19876.06,449.73,38.34,9864.81,10011.25,0.4853,59346
455,mixed,16,3,13,16,20257.12,1245947.23,953.50,19808.29,448.83,39.14,9741.41,10066.88,0.4809,59346
456,mixed,16,3,13,16,20668.83,1259675.65,968.16,20221.63,447.20,38.98,9848.78,10372.85,0.4765,59346
457,mixed,16,3,13,16,20613.70,1258979.36,967.87,20161.57,452.13,40.22,9843.34,10318.23,0.4775,59346
458,mixed,16,3,13,16,21028.80,1268482.18,968.74,20584.67,444.13,39.42,9917.59,10667.09,0.4716,59346
459,mixed,16,3,13,16,21023.14,1281239.84,972.96,20576.83,446.30,38.53,10017.29,10559.54,0.4765,59346
460,mixed,16,3,13,16,20691.81,1269621.60,959.07,20244.61,447.20,38.30,9926.41,10318.20,0.4797,59346
461,mixed,16,3,13,16,20611.71,1261799.55,969.79,20166.59,445.12,38.82,9865.39,10301.21,0.4786,59346
462,mixed,16,3,13,16,20841.02,1259931.65,965.92,20387.55,453.47,38.30,9850.76,10536.79,0.4727,59346
463,mixed,16,3,13,16,20867.30,1282011.71,964.86,20419.01,448.29,40.96,10023.25,10395.75,0.4803,59346
464,mixed,16,3,13,16,20867.71,1271637.28,949.44,20414.85,452.86,39.68,9942.08,10472.76,0.4764,59346
465,mixed,16,3,13,16,20973.18,1267436.58,963.30,20516.61,456.58,39.78,9909.37,10607.23,0.4725,59346
466,mixed,16,3,13,16,20570.21,1268531.39,957.66,20123.20,447.01,39.07,9917.88,10205.32,0.4821,59346
467,mixed,16,3,13,16,20984.06,1262803.74,965.41,20535.71,448.35,38.69,9873.20,10662.52,0.4705,59346
468,mixed,16,3,13,16,20650.78,1259176.99,960.16,20203.46,447.33,38.98,9844.82,10358.63,0.4767,59346
469,mixed,16,3,13,16,20210.18,1234487.42,962.59,19756.48,453.70,37.18,9651.95,10104.53,0.4776,59346
470,mixed,16,3,13,16,20475.62,1252419.55,959.23,20025.47,450.14,39.46,9792.02,10233.45,0.4782,59346
471,mixed,16,3,13,16,20870.34,1268896.00,975.94,20419.74,450.59,39.49,9920.87,10498.87,0.4754,59346
472,mixed,16,3,13,16,20362.98,1256580.70,956.54,19913.09,449.89,39.42,9824.51,10088.58,0.4825,59346
473,mixed,16,3,13,16,20061.66,1238064.77,967.10,19614.69,446.98,37.86,9679.94,9934.75,0.4825,59346
474,mixed,16,3,13,16,20553.09,1257892.64,961.86,20108.61,444.48,37.25,9834.80,10273.81,0.4785,59346
475,mixed,16,3,13,16,21075.94,1265910.37,967.74,20617.25,458.69,40.42,9897.49,10719.76,0.4696,59346
476,mixed,16,3,13,16,21069.06,1289759.20,956.93,20623.74,445.31,39.01,10083.72,10540.02,0.4786,59346
477,mixed,16,3,13,16,20633.02,1251226.43,965.22,20184.74,448.29,39.90,9782.75,10401.99,0.4741,59346
478,mixed,16,3,13,16,20749.86,1274765.31,962.85,20303.84,446.02,38.08,9966.63,10337.21,0.4803,59346
479,mixed,16,3,13,16,20132.54,1240806.40,967.87,19670.82,461.73,39.78,9701.36,9969.45,0.4819,59346
480,mixed,16,3,13,16,19594.46,1255031.07,956.58,19140.67,453.79,40.32,9812.40,9328.27,0.5008,59346
481,mixed,16,2,14,16,20007.58,1318380.96,957.44,19564.58,443.01,40.99,10307.33,9257.24,0.5152,59346
482,mixed,16,2,14,16,19608.35,1291286.05,965.57,19157.76,450.59,40.42,10095.72,9062.04,0.5149,59346
483,mixed,16,2,14,16,20204.48,1316976.67,975.26,19758.88,445.60,41.15,10296.50,9462.38,0.5096,59346
484,mixed,16,2,14,16,19968.70,1296809.25,962.46,19516.93,451.78,41.25,10138.84,9378.09,0.5077,59346
485,mixed,16,2,14,16,20149.70,1308674.59,974.75,19693.31,456.38,41.98,10231.64,9461.68,0.5078,59346
486,mixed,16,2,14,16,19692.45,1287256.29,960.03,19229.50,462.94,42.18,10064.19,9165.31,0.5111,59346
487,mixed,16,2,14,16,19879.84,1287398.46,966.66,19425.57,454.27,40.26,10065.35,9360.22,0.5063,59346
488,mixed,16,2,14,16,19430.72,1293641.60,956.06,18981.44,449.28,40.03,10114.04,8867.40,0.5205,59346
489,mixed,16,2,14,16,19355.23,1269606.05,961.34,18897.38,457.86,40.80,9926.31,8971.07,0.5128,59346
490,mixed,16,2,14,16,19590.24,1301862.24,962.37,19147.74,442.50,41.47,10178.32,8969.43,0.5196,59346
491,mixed,16,2,14,16,19406.34,1278845.70,952.83,18953.63,452.70,39.17,9998.43,8955.21,0.5152,59346
492,mixed,16,2,14,16,19099.14,1276204.13,969.22,18650.94,448.19,41.89,9977.92,8673.03,0.5224,59346
493,mixed,16,2,14,16,19276.38,1276455.26,959.49,18824.06,452.32,42.34,9979.80,8844.26,0.5177,59346
494,mixed,16,2,14,16,19691.74,1290020.51,954.94,19240.96,450.78,40.90,10085.75,9155.21,0.5122,59346
495,mixed,16,2,14,16,19094.85,1266523.14,972.54,18641.31,453.54,41.12,9902.31,8739.00,0.5186,59346
496,mixed,16,2,14,16,19887.84,1314640.13,953.73,19442.27,445.57,39.90,10278.08,9164.19,0.5168,59346
497,mixed,16,2,14,16,19873.34,1293642.18,963.68,19424.61,448.74,41.44,10114.11,9310.50,0.5089,59346
498,mixed,16,2,14,16,19967.20,1294467.46,956.64,19508.80,458.40,38.82,10120.50,9388.30,0.5069,59346
499,mixed,16,2,14,16,19335.71,1274758.02,969.60,18879.33,456.38,40.51,9966.62,8912.71,0.5155,59346
500,mixed,16,2,14,16,19326.21,1280550.72,965.22,18880.29,445.92,41.86,10011.84,8868.44,0.5180,59346
501,mixed,16,2,14,16,19554.11,1282989.02,976.77,19108.90,445.22,41.47,10030.98,9077.91,0.5130,59346
502,mixed,16,2,14,16,19199.36,1272188.10,963.94,18745.66,453.70,40.77,9946.50,8799.16,0.5181,59346
503,mixed,16,2,14,16,19112.64,1268905.92,958.78,18644.99,467.65,41.25,9920.82,8724.17,0.5191,59346
504,mixed,16,2,14,16,19288.67,1280146.34,952.58,18840.77,447.90,41.79,10008.59,8832.18,0.5189,59346
505,mixed,16,2,14,16,19355.58,1272193.28,961.86,18896.06,459.52,42.18,9946.52,8949.54,0.5139,59346
506,mixed,16,2,14,16,19378.40,1289915.46,968.13,18925.06,453.34,42.08,10085.03,8840.03,0.5204,59346
507,mixed,16,2,14,16,19378.91,1283999.42,955.68,18927.39,451.52,41.70,10038.71,8888.68,0.5180,59346
508,mixed,16,2,14,16,19385.25,1276803.62,968.26,18933.66,451.58,41.25,9982.59,8951.07,0.5150,59346
509,mixed,16,2,14,16,19631.97,1271876.29,962.18,19169.15,462.82,39.97,9944.05,9225.10,0.5065,59346
510,mixed,16,2,14,16,19201.54,1286024.38,953.82,18750.27,451.26,41.60,10054.52,8695.75,0.5236,59346
511,mixed,16,2,14,16,18766.21,1256625.54,971.01,18309.60,456.61,43.07,9824.97,8484.63,0.5235,59346
512,mixed,16,2,14,16,18947.36,1272119.36,952.06,18498.18,449.18,41.12,9945.87,8552.31,0.5249,59346
513,mixed,16,2,14,16,19186.30,1282648.96,954.30,18739.23,447.07,37.86,10028.15,8711.08,0.5227,59346
514,mixed,16,2,14,16,19448.13,1288729.22,954.85,18994.88,453.25,42.18,10075.66,8919.22,0.5181,59346
515,mixed,16,2,14,16,19736.10,1297004.03,961.70,19282.27,453.82,41.98,10140.36,9141.91,0.5138,59346
516,mixed,16,2,14,16,19209.63,1277902.94,956.29,18764.70,444.93,40.61,9991.09,8773.62,0.5201,59346
517,mixed,16,2,14,16,18595.17,1244896.90,950.62,18137.73,457.44,41.73,9733.18,8404.54,0.5234,59346
518,mixed,16,2,14,16,19475.49,1284266.75,960.19,19024.03,451.46,42.24,10040.84,8983.20,0.5156,59346
519,mixed,16,2,14,16,19568.74,1284254.53,971.23,19121.31,447.42,41.41,10040.83,9080.49,0.5131,59346
520,mixed,16,2,14,16,19563.36,1286791.55,959.52,19116.93,446.43,41.98,10060.56,9056.37,0.5143,59346
521,mixed,16,2,14,16,18835.90,1261612.54,971.26,18386.82,449.09,41.25,9863.94,8522.88,0.5237,59346
522,mixed,16,2,14,16,19208.45,1278548.22,953.60,18759.87,448.58,38.85,9996.11,8763.76,0.5204,59346
523,mixed,16,2,14,16,18876.51,1269751.36,958.21,18429.34,447.17,41.79,9927.42,8501.93,0.5259,59346
524,mixed,16,2,14,16,19302.69,1261485.73,955.97,18848.42,454.27,40.83,9862.83,8985.59,0.5110,59346
525,mixed,16,2,14,16,18809.92,1256325.02,966.50,18357.63,452.29,40.51,9822.59,8535.04,0.5222,59346
526,mixed,16,2,14,16,19067.87,1264468.96,958.46,18617.79,450.08,40.86,9886.15,8731.64,0.5185,59346
527,mixed,16,2,14,16,18610.78,1260357.31,951.94,18157.38,453.41,41.34,9853.98,8303.40,0.5295,59346
528,mixed,16,2,14,16,19090.21,1268486.72,967.23,18641.76,448.45,42.69,9917.61,8724.15,0.5195,59346
529,mixed,16,2,14,16,18159.17,1228919.46,961.89,17703.94,455.23,38.75,9608.45,8095.49,0.5291,59346
530,mixed,16,2,14,16,19432.86,1275541.28,971.52,18976.13,456.74,42.40,9972.76,9003.37,0.5132,59346
531,mixed,16,2,14,16,19016.32,1272176.67,957.63,18569.73,446.59,38.59,9946.36,8623.37,0.5230,59346
532,mixed,16,2,14,16,18921.70,1255087.62,949.66,18470.53,451.17,41.50,9812.79,8657.74,0.5186,59346
533,mixed,16,2,14,16,19590.82,1284119.62,967.97,19144.10,446.72,40.22,10039.75,9104.35,0.5125,59346
534,mixed,16,2,14,16,19100.99,1273942.78,953.38,18648.70,452.29,42.46,9960.13,8688.58,0.5214,59346
535,mixed,16,2,14,16,19017.44,1275555.36,960.54,18571.78,445.66,40.99,9972.78,8599.00,0.5244,59346
536,mixed,16,2,14,16,19439.90,1285213.44,964.26,18991.49,448.42,43.14,10048.26,8943.22,0.5169,59346
537,mixed,16,2,14,16,18163.97,1234782.78,949.92,17708.86,455.10,41.70,9654.16,8054.70,0.5315,59346
538,mixed,16,2,14,16,19114.11,1260019.10,955.62,18670.66,443.46,40.03,9851.36,8819.29,0.5154,59346
539,mixed,16,2,14,16,19559.68,1284955.55,952.61,19111.52,448.16,42.56,10046.16,9065.36,0.5136,59346
540,mixed,16,2,14,16,19376.67,1271522.34,961.22,18919.14,457.54,41.18,9941.28,8977.86,0.5131,59346
541,mixed,16,2,14,16,19108.42,1270618.82,961.82,18652.19,456.22,42.43,9934.22,8717.97,0.5199,59346
542,mixed,16,2,14,16,19291.52,1271897.66,966.40,18838.78,452.74,41.82,9944.25,8894.53,0.5155,59346
543,mixed,16,2,14,16,18270.24,1249500.54,955.97,17819.65,450.59,41.95,9769.19,8050.46,0.5347,59346
544,mixed,16,2,14,16,19001.70,1264411.20,954.40,18549.50,452.19,42.18,9885.67,8663.84,0.5203,59346
545,mixed,16,2,14,16,19303.17,1269017.92,956.54,18849.50,453.66,42.08,9921.68,8927.83,0.5140,59346
546,mixed,16,2,14,16,19449.22,1272251.26,952.74,18998.18,451.04,42.24,9946.91,9051.27,0.5114,59346
547,mixed,16,2,14,16,18949.09,1261176.10,951.46,18498.66,450.43,39.78,9860.37,8638.28,0.5204,59346
548,mixed,16,2,14,16,19448.86,1276531.42,956.86,18992.35,456.51,42.85,9980.38,9011.97,0.5132,59346
549,mixed,16,2,14,16,18938.69,1273838.40,952.35,18486.08,452.61,42.24,9959.30,8526.78,0.5259,59346
550,mixed,16,2,14,16,19086.85,1265942.18,966.43,18638.30,448.54,41.12,9897.72,8740.58,0.5186,59346
551,mixed,16,2,14,16,18837.92,1261227.42,952.03,18379.65,458.27,40.96,9860.78,8518.87,0.5235,59346
552,mixed,16,2,14,16,19136.45,1262509.60,964.61,18677.28,459.17,42.82,9870.89,8806.39,0.5158,59346
553,mixed,16,2,14,16,18771.42,1260332.96,959.71,18320.80,450.62,40.86,9853.85,8466.95,0.5249,59346
554,mixed,16,2,14,16,18774.37,1253041.12,954.53,18320.29,454.08,41.82,9796.84,8523.45,0.5218,59346
555,mixed,16,2,14,16,18183.01,1236292.26,959.71,17727.94,455.07,38.88,9666.03,8061.90,0.5316,59346
556,mixed,16,2,14,16,18344.96,1236117.63,959.94,17890.88,454.08,41.06,9664.67,8226.21,0.5268,59346
557,mixed,16,2,14,16,17836.90,1230001.63,951.26,17382.50,454.40,42.30,9616.82,7765.68,0.5392,59346
558,mixed,16,2,14,16,18584.26,1245917.70,953.44,18130.62,453.63,40.26,9741.18,8389.44,0.5242,59346
559,mixed,16,2,14,16,18244.06,1236942.43,955.55,17787.20,456.86,40.13,9671.08,8116.12,0.5301,59346
560,mixed,16,2,14,16,18184.67,1232334.53,958.98,17729.98,454.69,41.98,9635.11,8094.88,0.5298,59346
561,mixed,16,2,14,16,19293.60,1285694.82,964.48,18838.08,455.52,43.33,10052.03,8786.05,0.5210,59346
562,mixed,16,2,14,16,18933.66,1248261.70,960.70,18481.82,451.84,40.26,9759.55,8722.27,0.5155,59346
563,mixed,16,2,14,16,18863.42,1265563.81,953.92,18411.42,452.00,43.39,9894.67,8516.75,0.5245,59346
564,mixed,16,2,14,16,19471.04,1282188.51,963.39,19018.62,452.42,42.37,10024.62,8994.00,0.5148,59346
565,mixed,16,2,14,16,18435.71,1251049.22,961.73,17982.98,452.74,41.18,9781.34,8201.64,0.5306,59346
566,mixed,16,2,14,16,18896.93,1264672.45,953.92,18446.94,449.98,42.50,9887.71,8559.24,0.5232,59346
567,mixed,16,2,14,16,18523.30,1250330.69,965.92,18070.75,452.54,41.98,9775.75,8295.00,0.5278,59346
568,mixed,16,2,14,16,19314.59,1279406.02,973.41,18864.42,450.18,43.30,10002.96,8861.45,0.5179,59346
569,mixed,16,2,14,16,18107.46,1234196.80,964.80,17648.29,459.17,42.21,9649.70,7998.59,0.5329,59346
570,mixed,16,2,14,16,19046.37,1274861.12,966.11,18598.78,447.58,43.58,9967.40,8631.38,0.5233,59346
571,mixed,16,2,14,16,17964.29,1239254.05,955.30,17515.94,448.35,40.67,9689.14,7826.80,0.5394,59346
572,mixed,16,2,14,16,18866.69,1255268.83,965.73,18410.30,456.38,41.92,9814.33,8595.97,0.5202,59346
573,mixed,16,2,14,16,18935.68,1251985.60,963.74,18479.10,456.58,42.78,9788.67,8690.44,0.5169,59346
574,mixed,16,2,14,16,19131.17,1262862.08,965.12,18683.55,447.62,40.45,9873.65,8809.90,0.5161,59346
575,mixed,16,2,14,16,18767.71,1247802.98,958.53,18309.28,458.43,39.84,9755.95,8553.33,0.5198,59346
576,mixed,16,2,14,16,19299.97,1268536.22,954.91,18847.65,452.32,42.62,9917.90,8929.75,0.5139,59346
577,mixed,16,2,14,16,18893.79,1262290.40,950.46,18439.84,453.95,42.85,9869.07,8570.77,0.5223,59346
578,mixed,16,2,14,16,19229.98,1259076.93,954.30,18778.88,451.10,42.62,9843.99,8934.89,0.5119,59346
579,mixed,16,2,14,16,18082.21,1234460.35,956.13,17630.05,452.16,42.34,9651.69,7978.36,0.5338,59346
580,mixed,16,2,14,16,18971.68,1265537.95,951.52,18522.50,449.18,42.02,9894.45,8628.05,0.5215,59346
581,mixed,16,2,14,16,18002.34,1231545.28,962.08,17550.88,451.46,40.00,9628.96,7921.92,0.5349,59346
582,mixed,16,2,14,16,19234.08,1261812.58,965.76,18788.38,445.70,40.74,9865.46,8922.93,0.5129,59346
583,mixed,16,2,14,16,19135.36,1267706.88,961.54,18682.66,452.70,41.25,9911.47,8771.18,0.5180,59346
584,mixed,16,2,14,16,18789.89,1244329.22,954.05,18336.80,453.09,40.45,9728.78,8608.02,0.5178,59346
585,mixed,16,2,14,16,18491.20,1256705.79,952.96,18043.97,447.23,42.08,9825.46,8218.51,0.5314,59346
586,mixed,16,2,14,16,18640.74,1252350.85,960.48,18185.66,455.07,41.44,9791.49,8394.17,0.5253,59346
587,mixed,16,2,14,16,18901.09,1267130.24,963.90,18447.36,453.73,41.86,9906.99,8540.37,0.5241,59346
588,mixed,16,2,14,16,19127.97,1274231.74,957.79,18675.62,452.35,40.90,9962.42,8713.20,0.5208,59346
589,mixed,16,2,14,16,19343.90,1272390.82,966.43,18885.18,458.72,43.01,9948.10,8937.08,0.5143,59346
590,mixed,16,2,14,16,19141.86,1274156.54,952.13,18687.87,453.98,42.11,9961.79,8726.09,0.5204,59346
591,mixed,16,2,14,16,18458.94,1243818.24,955.58,17998.59,460.35,42.24,9724.80,8273.80,0.5268,59346
592,mixed,16,2,14,16,19172.38,1277808.64,974.88,18728.58,443.81,42.78,9990.50,8738.08,0.5211,59346
593,mixed,16,2,14,16,19098.98,1263663.97,952.80,18647.17,451.81,42.05,9879.82,8767.35,0.5173,59346
594,mixed,16,2,14,16,19024.48,1275848.45,954.72,18577.92,446.56,43.30,9975.02,8602.90,0.5243,59346
595,mixed,16,2,14,16,19174.24,1271630.98,958.40,18724.80,449.44,39.04,9942.10,8782.70,0.5185,59346
596,mixed,16,2,14,16,19014.56,1274475.87,968.00,18564.38,450.18,41.95,9964.41,8599.98,0.5240,59346
597,mixed,16,2,14,16,18775.71,1251191.23,953.76,18319.42,456.29,41.06,9782.38,8537.04,0.5210,59346
598,mixed,16,2,14,16,19465.28,1273900.86,952.54,19013.44,451.84,42.66,9959.79,9053.65,0.5117,59346
599,mixed,16,2,14,16,18356.00,1244404.42,951.78,17905.22,450.78,39.87,9729.35,8175.87,0.5300,59346
600,mixed,16,2,14,16,19102.66,1263809.09,954.05,18647.81,454.85,43.58,9880.96,8766.85,0.5173,59346
601,mixed,16,2,14,16,19009.25,1264481.34,955.49,18555.94,453.31,41.89,9886.23,8669.71,0.5201,59346
602,mixed,16,2,14,16,19379.65,1270116.90,963.78,18918.98,460.67,43.52,9930.32,8988.66,0.5124,59346
603,mixed,16,2,14,16,19197.18,1259425.34,965.06,18737.92,459.26,42.02,9846.80,8891.12,0.5129,59346
604,mixed,16,2,14,16,19105.60,1270667.39,958.46,18646.98,458.62,41.73,9934.58,8712.40,0.5200,59346
605,mixed,16,2,14,16,18740.70,1247114.21,960.48,18279.14,461.57,42.18,9750.58,8528.55,0.5203,59346
606,mixed,16,2,14,16,19413.31,1278368.67,951.36,18955.94,457.38,39.71,9994.69,8961.25,0.5148,59346
607,mixed,16,2,14,16,18941.38,1259382.50,957.92,18483.97,457.41,43.14,9846.41,8637.56,0.5198,59346
608,mixed,16,2,14,16,18302.88,1276887.17,952.35,17848.86,454.02,44.10,9983.12,7865.74,0.5454,59346
609,mixed,16,1,15,16,17904.96,1297403.71,974.66,17450.34,454.62,44.38,10143.58,7306.76,0.5665,59346
610,mixed,16,1,15,16,17597.73,1280810.14,950.85,17148.45,449.28,42.30,10013.76,7134.69,0.5690,59346
611,mixed,16,1,15,16,18018.24,1294319.81,948.32,17564.29,453.95,44.77,10119.28,7445.01,0.5616,59346
612,mixed,16,1,15,16,18480.80,1312276.99,945.34,18030.50,450.30,44.86,10259.55,7770.95,0.5551,59346
613,mixed,16,1,15,16,18256.67,1290339.07,965.28,17802.62,454.05,44.19,10088.32,7714.31,0.5526,59346
614,mixed,16,1,15,16,18207.33,1291317.09,954.69,17743.78,463.55,45.63,10095.87,7647.90,0.5545,59346
615,mixed,16,1,15,16,18091.52,1291663.52,963.17,17634.72,456.80,43.81,10098.65,7536.07,0.5582,59346
616,mixed,16,1,15,16,18444.99,1305277.82,960.16,17989.63,455.36,42.53,10204.98,7784.65,0.5533,59346
617,mixed,16,1,15,16,17657.28,1284840.93,957.86,17194.91,462.37,45.15,10045.30,7149.61,0.5689,59346
618,mixed,16,1,15,16,18235.90,1290981.73,959.58,17777.63,458.27,45.47,10093.29,7684.34,0.5535,59346
619,mixed,16,1,15,16,17477.31,1274285.02,966.66,17021.86,455.46,43.90,9962.90,7058.95,0.5700,59346
620,mixed,16,1,15,16,18058.78,1287225.31,968.86,17592.61,466.18,42.82,10064.02,7528.59,0.5573,59346
621,mixed,16,1,15,16,18837.06,1309325.82,955.14,18376.13,460.93,43.36,10236.57,8139.56,0.5434,59346
622,mixed,16,1,15,16,18276.99,1306546.98,970.53,17815.39,461.60,45.50,10214.98,7600.41,0.5589,59346
623,mixed,16,1,15,16,18102.34,1286027.33,963.07,17645.02,457.31,45.70,10054.61,7590.41,0.5554,59346
624,mixed,16,1,15,16,18237.15,1308246.11,968.29,17790.05,447.10,43.71,10228.24,7561.81,0.5608,59346
625,mixed,16,1,15,16,18170.85,1300102.66,962.94,17725.79,445.06,43.84,10164.58,7561.22,0.5594,59346
626,mixed,16,1,15,16,18318.82,1294288.42,958.43,17859.74,459.07,44.32,10119.12,7740.63,0.5524,59346
627,mixed,16,1,15,16,18472.42,1299326.18,978.56,18021.92,450.50,45.31,10158.63,7863.29,0.5499,59346
628,mixed,16,1,15,16,18251.49,1306691.01,944.86,17800.86,450.62,43.74,10215.91,7584.96,0.5597,59346
629,mixed,16,1,15,16,17761.02,1273659.23,954.56,17300.48,460.54,43.87,9957.92,7342.56,0.5607,59346
630,mixed,16,1,15,16,18263.39,1293213.31,954.82,17807.42,455.97,45.76,10110.69,7696.74,0.5536,59346
631,mixed,16,1,15,16,18545.60,1304354.72,951.87,18088.86,456.74,42.62,10197.71,7891.16,0.5499,59346
632,mixed,16,1,15,16,17859.87,1286669.95,950.02,17402.94,456.93,44.93,10059.53,7343.41,0.5632,59346
633,mixed,16,1,15,16,17860.77,1299956.96,953.38,17408.06,452.70,42.40,10163.36,7244.70,0.5690,59346
634,mixed,16,1,15,16,17931.84,1291667.30,946.11,17479.33,452.51,42.88,10098.54,7380.79,0.5632,59346
635,mixed,16,1,15,16,18626.14,1312751.87,959.71,18174.08,452.06,44.22,10263.37,7910.71,0.5510,59346
636,mixed,16,1,15,16,17758.50,1284518.98,949.12,17305.50,452.99,44.61,10042.72,7262.78,0.5655,59346
637,mixed,16,1,15,16,17756.10,1285804.48,951.42,17298.21,457.89,43.55,10052.78,7245.43,0.5662,59346
638,mixed,16,1,15,16,17837.50,1280841.86,969.09,17384.99,452.51,43.49,10014.15,7370.84,0.5614,59346
639,mixed,16,1,15,16,16901.92,1257614.21,959.87,16450.18,451.74,44.83,9832.61,6617.57,0.5817,59346
640,mixed,16,1,15,16,18371.14,1314221.54,963.39,17920.19,450.94,45.47,10274.88,7645.31,0.5593,59346
641,mixed,16,1,15,16,18472.99,1311902.75,951.46,18017.28,455.71,45.12,10256.67,7760.61,0.5552,59346
642,mixed,16,1,15,16,18174.37,1301914.62,966.24,17721.06,453.31,43.23,10178.76,7542.30,0.5601,59346
643,mixed,16,1,15,16,18029.73,1285996.61,960.61,17573.76,455.97,42.46,10054.35,7519.41,0.5577,59346
644,mixed,16,1,15,16,18005.63,1274916.83,951.90,17549.06,456.58,45.22,9967.72,7581.33,0.5536,59346
645,mixed,16,1,15,16,17501.28,1269168.80,962.62,17039.68,461.60,43.42,9922.90,7116.78,0.5670,59346
646,mixed,16,1,15,16,18024.83,1278268.67,961.54,17566.34,458.50,44.54,9993.99,7572.35,0.5545,59346
647,mixed,16,1,15,16,17335.49,1266772.90,965.50,16880.48,455.01,43.90,9904.21,6976.27,0.5713,59346
648,mixed,16,1,15,16,18040.16,1287814.46,956.99,17590.02,450.14,44.64,10068.53,7521.49,0.5581,59346
649,mixed,16,1,15,16,17326.30,1263017.50,965.22,16869.50,456.80,41.82,9874.86,6994.64,0.5699,59346
650,mixed,16,1,15,16,18350.75,1292308.64,951.71,17899.10,451.65,43.65,10103.60,7795.51,0.5506,59346
651,mixed,16,1,15,16,17591.26,1272338.91,953.22,17136.13,455.14,45.34,9947.59,7188.53,0.5655,59346
652,mixed,16,1,15,16,17664.35,1271342.53,949.06,17216.06,448.29,42.75,9939.78,7276.29,0.5627,59346
653,mixed,16,1,15,16,16759.46,1254393.31,958.02,16304.06,455.39,44.83,9807.43,6496.63,0.5852,59346
654,mixed,16,1,15,16,18360.58,1292304.96,967.46,17899.68,460.90,46.78,10103.69,7795.99,0.5503,59346
655,mixed,16,1,15,16,18036.45,1292508.86,948.51,17575.97,460.48,45.66,10105.14,7470.83,0.5603,59346
656,mixed,15,1,14,16,17946.69,1233078.30,958.21,17493.22,453.47,41.98,9640.91,7852.31,0.5372,59346
657,mixed,15,1,14,16,18205.44,1235266.37,953.57,17744.90,460.54,43.33,9657.97,8086.93,0.5305,59346
658,mixed,15,1,14,16,18637.66,1246678.30,948.10,18181.70,455.97,40.77,9747.08,8434.61,0.5230,59346
659,mixed,15,1,14,16,19189.34,1271708.86,959.94,18736.77,452.58,41.76,9942.73,8794.04,0.5181,59346
660,mixed,15,1,14,16,19151.65,1266078.72,961.12,18690.56,461.09,42.78,9898.75,8791.81,0.5169,59346
661,mixed,15,1,14,16,19755.78,1290391.33,956.93,19308.42,447.36,40.16,10088.66,9219.76,0.5107,59346
662,mixed,15,1,14,16,20176.61,1305057.66,957.25,19727.14,449.47,42.43,10203.24,9523.89,0.5057,59346
663,mixed,15,1,14,16,20166.30,1302428.42,959.46,19715.14,451.17,43.36,10182.72,9532.42,0.5049,59346
664,mixed,15,1,14,16,19479.71,1276792.38,963.14,19019.65,460.06,43.39,9982.47,9037.18,0.5125,59346
665,mixed,15,1,14,16,19842.27,1286301.70,954.82,19392.83,449.44,42.37,10056.69,9336.14,0.5068,59346
666,mixed,15,1,14,16,19053.12,1265320.03,954.82,18601.06,452.06,40.90,9892.77,8708.28,0.5192,59346
667,mixed,15,1,14,16,20091.10,1296262.40,952.67,19630.78,460.32,41.50,10134.49,9496.29,0.5044,59346
668,mixed,15,1,14,16,19924.51,1290097.44,959.94,19473.92,450.59,40.10,10086.39,9387.53,0.5062,59346
669,mixed,15,1,14,16,19766.50,1282242.85,966.59,19313.95,452.54,41.66,10025.07,9288.88,0.5072,59346
670,mixed,15,1,14,16,19496.86,1272383.87,962.50,19049.50,447.36,39.42,9948.02,9101.49,0.5102,59346
671,mixed,15,1,14,16,19835.49,1280206.85,965.15,19379.33,456.16,43.17,10009.16,9370.17,0.5046,59346
672,mixed,15,1,14,16,20276.64,1291540.22,966.34,19813.98,462.66,42.24,10097.71,9716.28,0.4980,59346
673,mixed,15,1,14,16,19035.65,1262942.50,956.74,18569.02,466.62,42.50,9874.21,8694.81,0.5187,59346
674,mixed,14,1,13,16,19244.77,1209670.43,949.25,18789.66,455.10,37.98,9457.97,9331.70,0.4915,59346
675,mixed,14,1,13,16,19740.48,1229448.45,960.19,19291.23,449.25,40.38,9612.57,9678.66,0.4869,59346
676,mixed,14,1,13,16,20662.66,1251420.61,967.14,20210.05,452.61,39.46,9784.28,10425.77,0.4735,59346
677,mixed,14,1,13,16,21029.60,1264518.30,961.63,20576.45,453.15,40.19,9886.56,10689.89,0.4701,59346
678,mixed,14,1,13,16,20192.61,1251329.02,960.80,19744.03,448.58,40.06,9783.51,9960.52,0.4845,59346
679,mixed,14,1,13,16,20178.18,1239479.68,975.78,19726.18,452.00,40.80,9691.06,10035.12,0.4803,59346
680,mixed,14,1,13,16,20933.12,1262979.07,960.93,20479.94,453.18,40.83,9874.53,10605.40,0.4717,59346
681,mixed,14,1,13,16,20854.46,1259768.64,962.53,20403.68,450.78,41.15,9849.46,10554.22,0.4723,59346
682,mixed,14,1,13,16,20613.92,1249667.39,960.67,20165.15,448.77,39.04,9770.53,10394.62,0.4740,59346
683,mixed,14,1,13,16,19662.08,1224014.43,954.21,19206.59,455.49,39.07,9570.07,9636.52,0.4867,59346
684,mixed,14,1,13,16,20330.82,1247239.26,961.86,19882.62,448.19,39.42,9751.57,10131.05,0.4796,59346
685,mixed,14,1,13,16,19754.56,1229853.41,964.96,19296.29,458.27,40.58,9615.77,9680.52,0.4868,59346
686,mixed,14,1,13,16,19687.97,1230740.51,952.99,19237.09,450.88,39.26,9622.61,9614.48,0.4888,59346
687,mixed,14,1,13,16,19483.97,1220177.38,955.71,19024.80,459.17,39.97,9540.10,9484.70,0.4896,59346
688,mixed,14,1,13,16,19271.39,1215741.98,962.59,18823.14,448.26,38.82,9505.50,9317.63,0.4932,59346
689,mixed,14,1,13,16,20174.43,1244408.54,960.06,19725.06,449.38,39.23,9729.44,9995.61,0.4823,59346
690,mixed,14,1,13,16,19150.37,1211606.05,957.60,18697.79,452.58,39.84,9473.15,9224.64,0.4947,59346
691,mixed,14,1,13,16,19324.93,1213476.22,962.43,18873.89,451.04,37.12,9487.80,9386.09,0.4910,59346
692,mixed,13,1,12,16,20532.80,1153985.34,963.87,20076.13,456.67,38.40,9023.04,11053.09,0.4394,59346
693,mixed,13,1,12,16,21583.58,1225917.57,967.94,21137.38,446.21,36.26,9585.04,11552.33,0.4441,59346
694,mixed,13,1,12,16,20966.82,1203770.24,956.64,20514.56,452.26,38.46,9411.93,11102.63,0.4489,59346
695,mixed,13,1,12,16,22023.20,1237504.42,975.94,21584.26,438.94,35.17,9675.63,11908.63,0.4393,59346
696,mixed,13,1,12,16,21818.75,1232848.61,953.34,21372.80,445.95,36.74,9639.08,11733.72,0.4418,59346
697,mixed,13,1,12,16,21944.90,1227885.60,967.33,21493.73,451.17,38.08,9600.41,11893.31,0.4375,59346
698,mixed,13,1,12,16,22261.82,1246777.28,966.27,21811.30,450.53,39.20,9748.00,12063.30,0.4379,59346
699,mixed,13,1,12,16,21546.05,1215234.91,960.58,21092.80,453.25,38.08,9501.53,11591.27,0.4410,59346
700,mixed,13,1,12,16,21137.12,1213753.22,962.50,20687.39,449.73,37.79,9489.97,11197.43,0.4490,59346
701,mixed,13,1,12,16,22186.34,1240277.41,968.70,21733.22,453.12,37.57,9697.24,12035.98,0.4371,59346
702,mixed,13,1,12,16,21907.94,1238775.58,970.34,21459.84,448.10,38.08,9685.51,11774.33,0.4421,59346
703,mixed,13,1,12,16,21219.42,1213858.40,961.95,20768.13,451.30,38.82,9490.78,11277.34,0.4473,59346
704,mixed,13,1,12,16,21229.98,1208259.52,963.17,20783.01,446.98,36.90,9447.05,11335.96,0.4450,59346
705,mixed,13,1,12,16,21694.82,1224988.70,958.88,21245.89,448.93,37.06,9577.72,11668.17,0.4415,59346
706,mixed,13,1,12,16,21990.24,1237341.70,974.66,21543.78,446.46,37.28,9674.35,11869.43,0.4399,59346
707,mixed,13,1,12,16,22363.62,1245669.22,956.16,21913.28,450.34,36.86,9739.26,12174.02,0.4355,59346
708,mixed,13,1,12,16,21926.21,1229385.79,968.86,21477.57,448.64,38.91,9612.15,11865.42,0.4384,59346
709,mixed,13,1,12,16,22260.67,1247225.12,972.99,21816.70,443.97,38.69,9751.55,12065.16,0.4381,59346
710,mixed,13,1,12,16,21241.09,1215635.81,955.87,20793.76,447.33,38.59,9504.62,11289.14,0.4475,59346
711,mixed,12,1,11,16,21747.78,1158586.37,964.13,21299.84,447.94,36.35,9058.99,12240.85,0.4165,59346
712,mixed,12,1,11,16,22233.12,1186920.10,970.18,21786.94,446.18,36.51,9280.39,12506.55,0.4174,59346
713,mixed,12,1,11,16,23043.46,1203902.59,968.35,22593.98,449.47,37.06,9413.05,13180.93,0.4085,59346
714,mixed,12,1,11,16,23197.82,1220990.75,971.39,22753.82,444.00,35.52,9546.58,13207.24,0.4115,59346
715,mixed,12,1,11,16,23211.07,1214520.35,971.01,22760.67,450.40,36.86,9496.03,13264.65,0.4091,59346
716,mixed,12,1,11,16,23353.66,1207073.60,967.33,22914.46,439.20,36.00,9437.82,13476.64,0.4041,59346
717,mixed,12,1,11,16,22943.23,1196025.54,965.09,22494.91,448.32,35.58,9351.49,13143.42,0.4076,59346
718,mixed,12,1,11,16,22595.30,1192648.29,966.78,22151.01,444.29,36.10,9325.12,12825.89,0.4127,59346
719,mixed,12,1,11,13,18917.76,1134590.30,944.19,18488.35,429.41,37.47,8871.36,9616.99,0.4689,59346
720,decode_draining,12,0,12,12,17089.50,1098756.32,940.38,16653.22,436.29,34.91,8591.38,8061.84,0.5027,59346
721,decode_draining,12,0,12,12,17252.13,1105436.83,942.66,16822.62,429.50,36.77,8643.59,8179.03,0.5010,59346
722,decode_draining,12,0,12,12,17435.55,1114025.15,951.55,16999.84,435.71,37.06,8710.76,8289.08,0.4996,59346
723,decode_draining,12,0,12,12,17008.42,1100776.58,939.04,16577.09,431.33,35.65,8607.15,7969.93,0.5061,59346
724,decode_draining,12,0,12,12,17519.39,1108543.62,933.63,17076.70,442.69,36.38,8667.79,8408.91,0.4948,59346
725,decode_draining,12,0,12,12,16782.66,1083868.10,940.38,16353.95,428.70,35.78,8475.07,7878.89,0.5050,59346
726,decode_draining,12,0,12,12,16564.93,1086062.66,943.58,16135.30,429.63,33.18,8492.24,7643.06,0.5127,59346
727,decode_draining,12,0,12,12,16904.22,1098897.57,939.26,16466.59,437.63,36.22,8592.48,7874.12,0.5083,59346
728,decode_draining,12,0,12,12,16572.74,1085911.10,935.71,16141.41,431.33,35.23,8490.99,7650.42,0.5123,59346
729,decode_draining,12,0,12,12,17002.82,1100208.61,936.03,16570.08,432.74,35.94,8602.69,7967.39,0.5060,59346
730,decode_draining,12,0,12,12,17152.03,1106360.32,950.37,16723.78,428.26,35.97,8650.86,8072.91,0.5044,59346
731,decode_draining,12,0,12,12,16843.33,1093609.12,935.65,16414.85,428.48,35.84,8551.13,7863.72,0.5077,59346
732,decode_draining,12,0,12,12,16968.06,1094845.12,936.03,16534.66,433.41,34.53,8560.79,7973.87,0.5045,59346
733,decode_draining,11,0,11,11,16149.54,972260.51,941.47,15719.14,430.40,34.30,7603.14,8116.00,0.4708,59346
734,decode_draining,11,0,11,11,16157.41,997777.79,942.75,15731.14,426.27,31.30,7802.50,7928.63,0.4829,59346
735,decode_draining,11,0,11,11,16180.29,1019727.04,929.22,15758.18,422.11,34.27,7973.88,7784.30,0.4928,59346
736,decode_draining,11,0,11,11,16436.64,1029131.14,941.28,16010.02,426.62,33.79,8047.44,7962.58,0.4896,59346
737,decode_draining,11,0,11,11,16247.71,1018332.38,930.91,15819.39,428.32,34.50,7962.99,7856.40,0.4901,59346
738,decode_draining,11,0,11,11,16358.02,1006547.62,931.07,15932.67,425.34,33.06,7870.93,8061.74,0.4812,59346
739,decode_draining,11,0,11,11,16187.84,994302.82,933.31,15764.22,423.62,32.93,7775.28,7988.94,0.4803,59346
740,decode_draining,11,0,11,11,16264.96,1018165.34,933.54,15835.39,429.57,33.38,7961.71,7873.68,0.4895,59346
741,decode_draining,11,0,11,11,16194.53,1020523.74,929.06,15768.96,425.57,32.10,7980.10,7788.86,0.4928,59346
742,decode_draining,11,0,11,11,16354.11,1022333.82,949.63,15929.63,424.48,32.06,7994.40,7935.23,0.4888,59346
743,decode_draining,11,0,11,11,16181.92,1025410.50,929.60,15754.34,427.58,34.27,8018.28,7736.05,0.4955,59346
744,decode_draining,11,0,11,11,16353.82,1013340.22,941.06,15927.87,425.95,33.57,7924.07,8003.80,0.4845,59346
745,decode_draining,11,0,11,11,16356.29,1039141.92,936.16,15924.54,431.74,35.30,8125.61,7798.93,0.4968,59346
746,decode_draining,11,0,11,11,16175.39,1004774.66,927.30,15743.87,431.52,33.28,7857.05,7886.83,0.4857,59346
747,decode_draining,11,0,11,11,16185.82,1003056.22,939.20,15758.08,427.74,34.88,7843.71,7914.37,0.4846,59346
748,decode_draining,11,0,11,11,16264.96,1023683.78,942.27,15838.21,426.75,35.49,8004.89,7833.32,0.4922,59346
749,decode_draining,11,0,11,11,16543.23,1039203.04,931.42,16115.62,427.62,34.02,8126.05,7989.57,0.4912,59346
750,decode_draining,11,0,11,11,16249.09,1010024.38,941.79,15821.89,427.20,34.30,7898.17,7923.71,0.4861,59346
751,decode_draining,11,0,11,11,16277.79,1017673.92,928.26,15847.23,430.56,32.86,7957.83,7889.40,0.4889,59346
752,decode_draining,11,0,11,11,16386.11,1031204.38,937.82,15954.21,431.90,34.91,8063.61,7890.60,0.4921,59346
753,decode_draining,11,0,11,11,16368.35,1025928.26,936.03,15940.26,428.10,32.29,8022.38,7917.88,0.4901,59346
754,decode_draining,11,0,11,11,16175.26,1001509.50,932.26,15747.46,427.81,33.60,7831.58,7915.88,0.4842,59346
755,decode_draining,11,0,11,11,16704.96,1036994.66,927.07,16274.75,430.21,35.39,8108.76,8165.99,0.4854,59346
756,decode_draining,10,0,10,10,16078.66,879589.22,926.43,15651.01,427.65,29.63,6879.03,8771.98,0.4278,59346
757,decode_draining,10,0,10,10,16111.58,942559.39,935.14,15685.34,426.24,30.75,7371.05,8314.29,0.4575,59346
758,decode_draining,10,0,10,10,16104.03,959222.82,937.12,15684.10,419.94,28.74,7501.25,8182.85,0.4658,59346
759,decode_draining,10,0,10,10,16122.40,950982.05,929.22,15696.93,425.47,31.84,7436.81,8260.12,0.4613,59346
760,decode_draining,10,0,10,10,16121.41,957546.82,944.16,15688.96,432.45,32.16,7488.21,8200.75,0.4645,59346
761,decode_draining,10,0,10,10,16111.68,959257.73,930.46,15687.23,424.45,31.23,7501.47,8185.76,0.4656,59346
762,decode_draining,10,0,10,10,16112.16,954053.63,933.12,15687.46,424.70,29.25,7460.83,8226.62,0.4631,59346
763,decode_draining,10,0,10,10,16122.14,941200.10,942.05,15694.43,427.71,31.52,7360.49,8333.95,0.4565,59346
764,decode_draining,10,0,10,10,16297.57,979489.89,937.89,15870.72,426.85,32.06,7659.59,8211.13,0.4700,59346
765,decode_draining,10,0,10,10,16117.15,965784.67,936.90,15693.22,423.94,31.39,7552.51,8140.70,0.4686,59346
766,decode_draining,10,0,10,10,16115.17,967874.88,943.20,15688.35,426.82,31.23,7568.89,8119.46,0.4697,59346
767,decode_draining,10,0,10,10,16203.55,955490.08,932.58,15774.69,428.86,32.06,7472.05,8302.64,0.4611,59346
768,decode_draining,10,0,10,10,16203.23,967315.49,937.09,15783.17,420.06,30.88,7564.47,8218.69,0.4668,59346
769,decode_draining,10,0,10,10,16132.48,957743.78,936.19,15704.38,428.10,31.74,7489.69,8214.70,0.4643,59346
770,decode_draining,10,0,10,10,16110.11,941234.75,922.56,15684.93,425.18,31.30,7360.60,8324.32,0.4569,59346
771,decode_draining,10,0,10,10,16133.82,956857.54,937.34,15709.25,424.58,31.20,7482.77,8226.48,0.4638,59346
772,decode_draining,10,0,10,10,16118.85,954702.24,926.24,15689.47,429.38,32.96,7465.85,8223.62,0.4632,59346
773,decode_draining,10,0,10,10,16131.30,977079.81,930.30,15712.86,418.43,29.86,7640.70,8072.16,0.4737,59346
774,decode_draining,10,0,10,10,16125.60,970142.75,934.18,15698.98,426.62,31.84,7586.54,8112.44,0.4705,59346
775,decode_draining,10,0,10,10,16114.37,930254.43,931.52,15689.95,424.42,30.05,7274.89,8415.06,0.4515,59346
776,decode_draining,10,0,10,10,16110.21,952929.12,927.58,15681.09,429.12,32.83,7452.01,8229.08,0.4626,59346
777,decode_draining,10,0,10,10,16119.42,947083.55,929.02,15695.97,423.46,32.54,7406.35,8289.62,0.4595,59346
778,decode_draining,10,0,10,10,16133.89,958675.81,935.01,15713.92,419.97,28.48,7496.96,8216.96,0.4647,59346
779,decode_draining,10,0,10,10,16122.18,927767.23,936.86,15689.70,432.48,31.90,7255.50,8434.20,0.4500,59346
780,decode_draining,10,0,10,10,16120.77,954220.99,922.56,15693.18,427.58,30.72,7462.06,8231.12,0.4629,59346
781,decode_draining,9,0,9,9,16044.32,821502.08,933.12,15615.84,428.48,29.44,6425.28,9190.57,0.4005,59346
782,decode_draining,9,0,9,9,16048.86,871965.95,939.01,15626.37,422.50,28.80,6819.57,8806.80,0.4249,59346
783,decode_draining,9,0,9,9,16068.67,889566.18,930.78,15644.48,424.19,29.70,6957.01,8687.47,0.4330,59346
784,decode_draining,9,0,9,9,16070.91,928681.28,934.69,15649.60,421.31,29.70,7262.62,8386.98,0.4519,59346
785,decode_draining,9,0,9,9,16052.16,890051.26,937.15,15626.24,425.92,28.51,6960.85,8665.39,0.4336,59346
786,decode_draining,9,0,9,9,16077.63,898190.69,938.18,15647.30,430.34,29.31,7024.44,8622.85,0.4369,59346
787,decode_draining,9,0,9,9,16056.35,889045.06,936.83,15633.12,423.23,28.77,6952.98,8680.14,0.4330,59346
788,decode_draining,9,0,9,9,16060.83,902927.10,933.34,15636.45,424.38,29.31,7061.41,8575.04,0.4397,59346
789,decode_draining,9,0,9,9,16047.52,884694.53,927.90,15624.80,422.72,29.15,6918.93,8705.87,0.4312,59346
790,decode_draining,9,0,9,9,16084.06,924875.90,930.30,15658.11,425.95,28.16,7232.86,8425.25,0.4497,59346
791,decode_draining,9,0,9,9,16054.18,892236.96,932.26,15630.85,423.33,27.52,6977.88,8652.96,0.4346,59346
792,decode_draining,9,0,9,9,16070.53,912259.14,928.93,15644.83,425.70,29.38,7134.28,8510.55,0.4439,59346
793,decode_draining,9,0,9,9,16079.33,892689.06,924.74,15653.95,425.38,29.57,6981.36,8672.59,0.4342,59346
794,decode_draining,9,0,9,9,16083.36,907578.98,936.48,15663.84,419.52,29.70,7097.78,8566.06,0.4413,59346
795,decode_draining,9,0,9,9,16065.89,886568.99,937.38,15640.64,425.25,26.88,6933.64,8707.00,0.4316,59346
796,decode_draining,9,0,9,9,16060.42,897969.60,941.41,15632.03,428.38,29.22,7022.74,8609.29,0.4373,59346
797,decode_draining,9,0,9,9,16082.24,896117.95,937.02,15659.10,423.14,29.82,7008.24,8650.86,0.4358,59346
798,decode_draining,9,0,9,9,16092.74,900818.62,931.30,15664.03,428.70,29.76,7044.92,8619.11,0.4378,59346
799,decode_draining,9,0,9,9,16069.95,900644.51,932.16,15647.71,422.24,27.84,7043.57,8604.14,0.4383,59346
800,decode_draining,9,0,9,9,16083.20,900651.94,942.11,15661.89,421.31,28.42,7043.70,8618.18,0.4380,59346
801,decode_draining,9,0,9,9,16081.54,901961.31,925.76,15655.94,425.60,29.70,7053.81,8602.13,0.4386,59346
802,decode_draining,9,0,9,9,16068.19,881475.81,934.62,15641.89,426.30,29.95,6893.83,8748.06,0.4290,59346
803,decode_draining,9,0,9,9,16074.82,902461.31,930.18,15652.54,422.27,29.92,7057.75,8594.80,0.4391,59346
804,decode_draining,9,0,9,9,16057.44,891636.00,919.36,15634.59,422.85,29.41,6973.09,8661.50,0.4343,59346
805,decode_draining,9,0,9,9,16064.51,903261.63,929.47,15643.90,420.61,30.27,7063.99,8579.91,0.4397,59346
806,decode_draining,9,0,9,9,16064.83,870051.20,930.88,15643.20,421.63,28.00,6804.55,8838.65,0.4236,59346
807,decode_draining,9,0,9,9,16057.15,886967.10,944.10,15632.99,424.16,30.37,6936.81,8696.19,0.4320,59346
808,decode_draining,9,0,9,9,16057.76,898753.28,938.75,15632.32,425.44,29.82,7028.84,8603.48,0.4377,59346
809,decode_draining,9,0,9,9,16088.22,891886.02,932.99,15665.34,422.88,27.30,6975.15,8690.20,0.4336,59346
810,decode_draining,8,0,8,8,15971.14,777937.95,929.66,15548.51,422.62,26.88,6084.90,9463.61,0.3810,59346
811,decode_draining,8,0,8,8,15976.93,793084.13,930.27,15549.82,427.10,27.68,6203.24,9346.59,0.3883,59346
812,decode_draining,8,0,8,8,15986.27,810897.95,929.57,15557.25,429.02,27.58,6342.40,9214.85,0.3967,59346
813,decode_draining,8,0,8,8,15966.62,785766.78,927.14,15542.18,424.45,25.34,6146.05,9396.13,0.3849,59346
814,decode_draining,8,0,8,8,15972.70,794286.34,931.62,15554.53,418.18,25.12,6212.64,9341.89,0.3890,59346
815,decode_draining,8,0,8,8,15997.76,817195.68,942.69,15573.18,424.58,25.22,6391.71,9181.48,0.3995,59346
816,decode_draining,8,0,8,8,16002.75,842244.58,930.46,15578.66,424.10,25.66,6587.31,8991.35,0.4116,59346
817,decode_draining,8,0,8,8,16002.43,825630.98,939.10,15577.15,425.28,26.46,6457.58,9119.57,0.4035,59346
818,decode_draining,8,0,8,8,16017.79,842926.94,933.70,15600.51,417.28,26.14,6592.66,9007.85,0.4116,59346
819,decode_draining,8,0,8,8,16012.16,845445.09,935.42,15586.78,425.38,27.23,6612.35,8974.44,0.4130,59346
820,decode_draining,8,0,8,8,16014.11,830573.25,944.67,15593.41,420.70,26.30,6496.23,9097.17,0.4057,59346
821,decode_draining,8,0,8,8,16010.46,842116.45,929.73,15588.74,421.73,26.46,6586.30,9002.44,0.4114,59346
822,decode_draining,8,0,8,8,15990.08,849861.92,930.62,15567.52,422.56,26.02,6646.82,8920.70,0.4157,59346
823,decode_draining,8,0,8,8,16017.79,841051.65,929.82,15596.22,421.57,26.14,6577.98,9018.24,0.4107,59346
824,decode_draining,8,0,8,8,16002.53,821261.06,933.57,15575.07,427.46,26.69,6423.40,9151.68,0.4014,59346
825,decode_draining,8,0,8,8,16019.68,861600.29,937.89,15599.17,420.51,26.88,6738.58,8860.59,0.4206,59346
826,decode_draining,8,0,8,8,16002.69,825030.72,931.23,15579.17,423.52,25.09,6452.83,9126.34,0.4032,59346
827,decode_draining,8,0,8,8,15999.20,806243.90,930.78,15577.79,421.41,27.74,6306.05,9271.74,0.3941,59346
828,decode_draining,8,0,8,8,15998.02,835020.19,929.92,15581.86,416.16,25.02,6530.86,9051.00,0.4082,59346
829,decode_draining,8,0,8,8,16004.16,814746.14,937.06,15582.82,421.34,25.50,6372.53,9210.29,0.3982,59346
830,decode_draining,8,0,8,8,15997.15,808248.93,931.23,15572.80,424.35,26.21,6321.72,9251.08,0.3952,59346
831,decode_draining,8,0,8,8,16012.38,817181.44,931.39,15587.97,424.42,26.78,6391.51,9196.46,0.3992,59346
832,decode_draining,8,0,8,8,16026.88,828102.91,930.30,15601.89,424.99,26.94,6476.82,9125.07,0.4041,59346
833,decode_draining,8,0,8,8,16006.85,821612.00,937.31,15584.70,422.14,25.63,6426.17,9158.54,0.4015,59346
834,decode_draining,8,0,8,8,16006.56,825965.41,932.06,15582.02,424.54,26.62,6460.14,9121.88,0.4036,59346
835,decode_draining,8,0,8,8,16001.41,817239.26,929.63,15581.70,419.71,25.60,6391.94,9189.75,0.3995,59346
836,decode_draining,8,0,8,8,16010.69,822060.83,942.21,15583.94,426.75,25.41,6429.71,9154.22,0.4016,59346
837,decode_draining,8,0,8,8,16023.26,836013.34,924.16,15597.25,426.02,26.18,6538.57,9058.67,0.4081,59346
838,decode_draining,8,0,8,8,15999.42,817754.11,918.56,15573.89,425.54,26.18,6395.88,9178.01,0.3998,59346
839,decode_draining,8,0,8,8,16007.14,828902.40,930.27,15589.98,417.15,26.21,6483.07,9106.92,0.4050,59346
840,decode_draining,8,0,8,8,16005.98,822456.80,931.52,15583.84,422.14,25.34,6432.72,9151.12,0.4019,59346
841,decode_draining,8,0,8,8,16009.89,822658.05,931.71,15586.88,423.01,27.17,6434.30,9152.59,0.4019,59346
842,decode_draining,7,0,7,7,15914.66,705199.52,924.77,15489.82,424.83,25.79,5516.60,9973.23,0.3466,59346
843,decode_draining,7,0,7,7,15950.34,731842.11,940.93,15530.37,419.97,23.58,5724.87,9805.50,0.3589,59346
844,decode_draining,7,0,7,7,15921.60,739625.15,926.05,15501.79,419.81,23.81,5785.56,9716.24,0.3634,59346
845,decode_draining,7,0,7,7,15925.98,733919.52,938.59,15504.64,421.34,25.50,5741.08,9763.56,0.3605,59346
846,decode_draining,7,0,7,7,15931.39,753870.02,933.82,15510.78,420.61,24.96,5896.90,9613.88,0.3701,59346
847,decode_draining,7,0,7,7,15951.94,732946.72,932.16,15523.04,428.90,25.38,5733.43,9789.61,0.3594,59346
848,decode_draining,7,0,7,7,15953.15,741605.63,923.52,15531.33,421.82,25.15,5801.01,9730.32,0.3636,59346
849,decode_draining,7,0,7,7,15967.39,738703.42,937.89,15541.22,426.18,25.54,5778.45,9762.77,0.3619,59346
850,decode_draining,7,0,7,7,15964.19,754121.73,931.30,15535.94,428.26,23.94,5898.85,9637.08,0.3695,59346
851,decode_draining,7,0,7,7,15929.34,742632.42,929.02,15503.14,426.21,24.00,5809.07,9694.06,0.3647,59346
852,decode_draining,7,0,7,7,15952.45,736406.91,938.18,15530.18,422.27,25.15,5760.51,9769.67,0.3611,59346
853,decode_draining,7,0,7,7,15948.45,750070.56,927.84,15530.78,417.66,23.55,5867.18,9663.61,0.3679,59346
854,decode_draining,7,0,7,7,15964.70,764614.08,933.12,15539.62,425.09,25.22,5980.84,9558.78,0.3746,59346
855,decode_draining,7,0,7,7,15939.42,736893.92,932.51,15517.38,422.05,24.83,5764.27,9753.11,0.3616,59346
856,decode_draining,7,0,7,7,15941.12,744898.72,927.10,15520.03,421.09,24.16,5826.76,9693.27,0.3655,59346
857,decode_draining,7,0,7,7,15960.99,749453.60,933.09,15540.54,420.45,24.00,5862.40,9678.15,0.3673,59346
858,decode_draining,7,0,7,7,15959.97,743567.58,928.90,15537.98,421.98,24.35,5816.38,9721.61,0.3644,59346
859,decode_draining,7,0,7,7,15952.67,739605.50,932.48,15534.66,418.02,25.15,5785.45,9749.20,0.3627,59346
860,decode_draining,7,0,7,7,15945.31,729936.16,938.69,15518.50,426.82,25.18,5709.96,9808.54,0.3581,59346
861,decode_draining,7,0,7,7,15972.03,746915.87,931.65,15546.85,425.18,24.22,5842.56,9704.29,0.3658,59346
862,decode_draining,7,0,7,7,15969.60,746973.60,933.60,15552.16,417.44,24.80,5843.03,9709.14,0.3659,59346
863,decode_draining,7,0,7,7,15976.54,744117.76,935.87,15549.92,426.62,25.06,5820.73,9729.19,0.3643,59346
864,decode_draining,7,0,7,7,15958.21,743802.08,928.96,15534.14,424.06,26.02,5818.21,9715.93,0.3646,59346
865,decode_draining,7,0,7,7,15958.11,752776.83,929.70,15537.41,420.70,22.82,5888.33,9649.08,0.3690,59346
866,decode_draining,7,0,7,7,15963.87,752353.73,930.75,15541.25,422.62,25.54,5885.03,9656.21,0.3686,59346
867,decode_draining,7,0,7,7,15967.90,751624.83,929.02,15542.53,425.38,25.82,5879.33,9663.20,0.3682,59346
868,decode_draining,7,0,7,7,15963.17,747039.14,930.40,15543.62,419.55,23.97,5843.51,9700.10,0.3661,59346
869,decode_draining,7,0,7,7,15945.73,740704.22,927.68,15528.22,417.50,24.64,5794.00,9734.22,0.3634,59346
870,decode_draining,7,0,7,7,15966.46,745238.91,926.21,15546.98,419.49,25.34,5829.41,9717.56,0.3651,59346
871,decode_draining,7,0,7,7,15949.95,741875.87,925.18,15528.22,421.73,24.86,5803.13,9725.09,0.3638,59346
872,decode_draining,7,0,7,7,15970.21,733024.42,930.66,15550.18,420.03,24.38,5734.02,9816.15,0.3590,59346
873,decode_draining,7,0,7,7,15963.10,745663.17,933.15,15543.17,419.94,24.58,5832.78,9710.38,0.3654,59346
874,decode_draining,7,0,7,7,15987.14,740446.88,933.60,15562.46,424.67,24.83,5792.03,9770.43,0.3623,59346
875,decode_draining,7,0,7,7,15951.42,733833.28,924.45,15533.95,417.47,25.28,5740.29,9793.66,0.3599,59346
876,decode_draining,7,0,7,7,15953.12,739380.00,932.16,15525.44,427.68,24.42,5783.69,9741.75,0.3625,59346
877,decode_draining,7,0,7,7,15964.29,741859.49,931.49,15539.94,424.35,25.18,5803.05,9736.88,0.3635,59346
878,decode_draining,6,0,6,6,15883.62,658725.18,936.26,15454.05,429.57,22.53,5153.61,10300.44,0.3245,59346
879,decode_draining,6,0,6,6,15866.98,647763.97,930.05,15440.45,426.53,22.53,5067.92,10372.53,0.3194,59346
880,decode_draining,6,0,6,6,15880.51,672740.61,927.07,15452.67,427.84,22.08,5263.03,10189.64,0.3314,59346
881,decode_draining,6,0,6,6,15884.67,663022.37,933.86,15457.25,427.42,22.14,5187.16,10270.09,0.3266,59346
882,decode_draining,6,0,6,6,15874.94,662813.31,930.88,15448.06,426.88,22.50,5185.50,10262.56,0.3266,59346
883,decode_draining,6,0,6,6,15886.46,652483.97,926.98,15461.79,424.67,21.57,5104.77,10357.02,0.3213,59346
884,decode_draining,6,0,6,6,15890.18,675483.65,927.55,15467.49,422.69,21.57,5284.46,10183.03,0.3326,59346
885,decode_draining,6,0,6,6,15902.98,659453.09,926.69,15471.20,431.78,21.47,5159.22,10311.98,0.3244,59346
886,decode_draining,6,0,6,6,15886.02,647897.12,929.73,15458.53,427.49,23.01,5068.96,10389.57,0.3191,59346
887,decode_draining,6,0,6,6,15915.01,663467.39,942.88,15486.21,428.80,23.90,5190.71,10295.50,0.3262,59346
888,decode_draining,6,0,6,6,15879.23,650201.22,928.38,15445.73,433.50,22.82,5086.95,10358.78,0.3204,59346
889,decode_draining,6,0,6,6,15895.04,641907.07,923.33,15465.95,429.09,22.53,5022.11,10443.84,0.3160,59346
890,decode_draining,6,0,6,6,15892.45,663025.95,934.56,15466.82,425.63,20.67,5187.19,10279.62,0.3264,59346
891,decode_draining,6,0,6,6,15896.74,651236.80,932.38,15467.52,429.22,22.69,5095.07,10372.45,0.3205,59346
892,decode_draining,6,0,6,6,15875.14,639838.18,939.62,15444.26,430.88,22.66,5006.08,10438.18,0.3153,59346
893,decode_draining,6,0,6,6,15900.99,660958.24,924.90,15469.98,431.01,23.20,5170.96,10299.02,0.3252,59346
894,decode_draining,6,0,6,6,15886.34,665237.79,925.25,15462.62,423.71,22.34,5204.40,10258.23,0.3276,59346
895,decode_draining,6,0,6,6,15896.86,639198.59,929.82,15467.87,428.99,22.66,5001.00,10466.87,0.3146,59346
896,decode_draining,6,0,6,6,15901.86,670281.47,930.56,15472.93,428.93,21.66,5243.84,10229.08,0.3298,59346
897,decode_draining,6,0,6,6,15875.46,664806.37,940.19,15455.39,420.06,22.21,5201.15,10254.25,0.3276,59346
898,decode_draining,6,0,6,6,15886.72,647045.70,936.06,15456.48,430.24,22.66,5062.36,10394.12,0.3187,59346
899,decode_draining,6,0,6,6,15869.15,654922.72,926.11,15446.30,422.85,22.72,5123.82,10322.49,0.3229,59346
900,decode_draining,6,0,6,6,15874.02,651984.96,938.50,15441.79,432.22,22.91,5100.96,10340.83,0.3213,59346
901,decode_draining,6,0,6,6,15882.18,644914.50,927.17,15457.57,424.61,21.89,5045.64,10411.93,0.3177,59346
902,decode_draining,6,0,6,6,15886.56,677402.18,934.27,15467.78,418.78,22.02,5299.50,10168.27,0.3336,59346
903,decode_draining,6,0,6,6,15910.27,662974.50,935.90,15475.49,434.78,22.46,5186.80,10288.69,0.3260,59346
904,decode_draining,6,0,6,6,15890.59,643740.03,923.36,15469.54,421.06,20.99,5036.43,10433.10,0.3169,59346
905,decode_draining,6,0,6,6,15884.10,645595.39,927.55,15453.50,430.59,22.46,5050.96,10402.54,0.3180,59346
906,decode_draining,6,0,6,6,15882.21,666224.00,927.84,15455.68,426.53,20.51,5212.12,10243.56,0.3282,59346
907,decode_draining,6,0,6,6,15902.24,640769.34,939.71,15472.13,430.11,22.72,5013.35,10458.78,0.3153,59346
908,decode_draining,6,0,6,6,15888.83,642407.84,930.82,15456.48,432.35,22.24,5026.08,10430.40,0.3163,59346
909,decode_draining,6,0,6,6,15896.64,666180.67,933.31,15466.69,429.95,22.11,5211.83,10254.86,0.3279,59346
910,decode_draining,6,0,6,6,15869.63,645848.74,927.36,15446.72,422.91,22.72,5052.94,10393.78,0.3184,59346
911,decode_draining,6,0,6,6,15896.64,641446.30,922.05,15464.19,432.45,22.75,5018.50,10445.69,0.3157,59346
912,decode_draining,6,0,6,6,15898.94,667184.58,931.97,15473.28,425.66,21.70,5219.66,10253.62,0.3283,59346
913,decode_draining,6,0,6,6,15887.14,640041.31,923.84,15461.15,425.98,23.30,5007.54,10453.61,0.3152,59346
914,decode_draining,6,0,6,6,15910.30,659364.90,930.08,15479.74,430.56,22.59,5158.55,10321.19,0.3242,59346
915,decode_draining,6,0,6,6,15918.62,666854.91,927.58,15492.13,426.50,21.66,5217.05,10275.08,0.3277,59346
916,decode_draining,6,0,6,6,15887.23,659220.48,933.28,15459.65,427.58,23.26,5157.45,10302.20,0.3246,59346
917,decode_draining,6,0,6,6,15894.78,643194.94,937.06,15465.18,429.60,24.06,5032.28,10432.90,0.3166,59346
918,decode_draining,6,0,6,6,15889.57,649953.06,928.03,15469.12,420.45,21.06,5085.01,10384.11,0.3200,59346
919,decode_draining,6,0,6,6,15904.67,646385.86,924.35,15473.57,431.10,23.58,5057.11,10416.46,0.3180,59346
920,decode_draining,6,0,6,6,15893.73,643139.94,933.12,15461.76,431.97,21.70,5031.82,10429.94,0.3166,59346
921,decode_draining,5,0,5,5,15828.61,590314.08,927.01,15395.87,432.74,20.74,4619.07,10776.80,0.2918,59346
922,decode_draining,5,0,5,5,15831.01,583321.34,935.52,15399.65,431.36,20.70,4564.51,10835.14,0.2883,59346
923,decode_draining,5,0,5,5,15804.58,573221.70,923.33,15375.84,428.74,20.70,4485.51,10890.33,0.2838,59346
924,decode_draining,5,0,5,5,15814.78,573275.10,924.10,15379.78,435.01,20.48,4485.93,10893.84,0.2837,59346
925,decode_draining,5,0,5,5,15807.84,571478.24,922.43,15378.85,428.99,19.90,4471.88,10906.97,0.2829,59346
926,decode_draining,5,0,5,5,15787.97,561017.31,923.58,15357.60,430.37,19.71,4390.16,10967.44,0.2781,59346
927,decode_draining,5,0,5,5,15818.59,578119.14,943.14,15387.04,431.55,18.46,4523.92,10863.12,0.2860,59346
928,decode_draining,5,0,5,5,15806.50,581038.08,920.58,15382.46,424.03,20.35,4546.55,10835.91,0.2876,59346
929,decode_draining,5,0,5,5,15830.24,569505.79,934.21,15402.43,427.81,20.13,4456.56,10945.87,0.2815,59346
930,decode_draining,5,0,5,5,15803.10,562917.47,924.32,15368.06,435.04,19.97,4405.01,10963.05,0.2787,59346
931,decode_draining,5,0,5,5,15804.96,569154.88,920.90,15370.18,434.78,20.64,4453.72,10916.46,0.2818,59346
932,decode_draining,5,0,5,5,15809.47,561486.72,930.37,15380.48,428.99,19.74,4393.88,10986.60,0.2779,59346
933,decode_draining,5,0,5,5,15825.25,574755.78,929.66,15390.08,435.17,20.83,4497.54,10892.54,0.2842,59346
934,decode_draining,5,0,5,5,15791.36,571449.86,936.32,15360.80,430.56,20.58,4471.77,10889.03,0.2832,59346
935,decode_draining,5,0,5,5,15815.94,559432.32,929.89,15383.94,432.00,20.77,4377.83,11006.11,0.2768,59346
936,decode_draining,5,0,5,5,15803.42,554294.91,924.90,15374.21,429.22,19.26,4337.65,11036.55,0.2745,59346
937,decode_draining,5,0,5,5,15836.38,580070.53,929.18,15401.73,434.66,20.67,4539.06,10862.67,0.2866,59346
938,decode_draining,5,0,5,5,15804.00,549638.62,914.53,15359.68,444.32,20.86,4301.20,11058.48,0.2722,59346
939,decode_draining,5,0,5,5,15818.62,569176.93,930.40,15391.42,427.20,19.55,4453.96,10937.46,0.2816,59346
940,decode_draining,5,0,5,5,15809.09,573973.15,921.70,15374.21,434.88,18.82,4491.37,10882.84,0.2841,59346
941,decode_draining,5,0,5,5,15809.34,558853.31,928.70,15372.10,437.25,19.04,4373.30,10998.80,0.2766,59346
942,decode_draining,5,0,5,5,15816.74,574473.66,934.72,15386.34,430.40,18.91,4495.38,10890.96,0.2842,59346
943,decode_draining,5,0,5,5,15826.85,559560.16,941.41,15390.02,436.83,20.35,4378.92,11011.10,0.2767,59346
944,decode_draining,5,0,5,5,15800.64,571391.52,927.42,15366.85,433.79,19.97,4471.24,10895.61,0.2830,59346
945,decode_draining,5,0,5,5,15804.80,570645.12,937.54,15373.44,431.36,20.35,4465.49,10907.95,0.2825,59346
946,decode_draining,5,0,5,5,15804.22,561790.40,929.41,15376.48,427.74,20.48,4396.25,10980.23,0.2782,59346
947,decode_draining,5,0,5,5,15833.28,567759.07,926.82,15397.09,436.19,19.14,4442.86,10954.23,0.2806,59346
948,decode_draining,5,0,5,5,15807.20,552670.98,925.70,15368.10,439.10,20.29,4324.97,11043.12,0.2736,58898
949,decode_draining,5,0,5,5,15819.74,553814.94,924.51,15382.21,437.54,20.70,4333.90,11048.31,0.2740,58882
950,decode_draining,5,0,5,5,15812.48,539442.94,923.49,15377.66,434.82,19.97,4221.61,11156.05,0.2670,58882
951,decode_draining,5,0,5,5,15829.82,559541.82,931.84,15396.32,433.50,20.51,4378.70,11017.62,0.2766,58882
952,decode_draining,5,0,5,5,15806.43,559465.28,930.11,15373.57,432.86,21.12,4378.09,10995.48,0.2770,58882
953,decode_draining,5,0,5,5,15809.15,563814.91,919.20,15381.50,427.65,19.49,4411.99,10969.52,0.2791,58882
954,decode_draining,5,0,5,5,15806.24,545797.89,919.10,15374.85,431.39,20.03,4271.23,11103.62,0.2702,58882
955,decode_draining,5,0,5,5,15810.75,554368.16,928.80,15380.22,430.53,20.26,4338.26,11041.97,0.2744,58671
956,decode_draining,5,0,5,5,15786.94,539465.38,911.17,15351.90,435.04,20.77,4221.69,11130.21,0.2674,58281
957,decode_draining,5,0,5,5,15783.55,528871.65,914.18,15346.40,437.15,21.22,4138.95,11207.45,0.2622,57831
958,decode_draining,5,0,5,5,15772.19,548596.99,907.87,15333.18,439.01,20.86,4293.01,11040.18,0.2722,57492
959,decode_draining,5,0,5,5,15780.58,534643.20,906.98,15335.71,444.86,19.74,4183.99,11151.73,0.2651,57492
960,decode_draining,5,0,5,5,15777.82,531342.18,899.65,15329.25,448.58,19.71,4158.14,11171.11,0.2635,57492
961,decode_draining,5,0,5,5,15802.14,549110.72,898.08,15357.60,444.54,19.26,4296.94,11060.66,0.2719,57492
962,decode_draining,5,0,5,5,15778.98,541003.84,904.22,15337.63,441.34,20.06,4233.66,11103.98,0.2683,57492
963,decode_draining,5,0,5,5,15770.34,517632.16,889.31,15321.22,449.12,19.94,4050.95,11270.27,0.2569,57183
964,decode_draining,5,0,5,5,15779.30,555440.32,897.60,15328.42,450.88,20.38,4346.39,10982.03,0.2754,57028
965,decode_draining,5,0,5,5,15802.24,530389.22,906.62,15350.69,451.55,20.19,4150.75,11199.94,0.2627,57028
966,decode_draining,5,0,5,5,15801.44,544820.26,892.90,15352.00,449.44,18.72,4263.38,11088.62,0.2698,57028
967,decode_draining,5,0,5,5,15789.34,531884.35,881.28,15337.34,452.00,21.57,4162.23,11175.11,0.2636,57028
968,decode_draining,5,0,5,5,15797.95,545298.24,889.38,15349.06,448.90,20.32,4267.09,11081.97,0.2701,57028
969,decode_draining,5,0,5,5,15778.37,521590.08,896.00,15326.14,452.22,19.78,4081.92,11244.22,0.2587,56698
970,decode_draining,5,0,5,5,15764.86,527231.07,894.56,15312.70,452.16,20.19,4125.98,11186.72,0.2617,56564
971,decode_draining,5,0,5,5,15781.76,527820.48,888.58,15334.85,446.91,20.13,4130.54,11204.31,0.2617,56327
972,decode_draining,4,0,4,4,15632.86,460151.55,895.33,15179.81,453.06,17.57,3601.93,11577.88,0.2304,56100
973,decode_draining,4,0,4,4,15636.93,453495.94,887.74,15178.98,457.95,18.21,3549.87,11629.10,0.2270,56100
974,decode_draining,4,0,4,4,15650.24,465457.86,882.56,15199.01,451.23,18.18,3643.28,11555.72,0.2328,56100
975,decode_draining,4,0,4,4,15664.99,466516.00,885.82,15211.58,453.41,18.14,3651.58,11560.01,0.2331,56100
976,decode_draining,4,0,4,4,15624.48,450561.22,895.55,15169.95,454.53,18.30,3527.01,11642.95,0.2257,56100
977,decode_draining,4,0,4,4,15616.96,449509.92,887.23,15155.01,461.95,17.73,3518.73,11636.28,0.2253,56096
978,decode_draining,4,0,4,4,15637.92,450190.98,883.74,15186.34,451.58,18.94,3524.02,11662.31,0.2254,55636
979,decode_draining,4,0,4,4,15644.13,458243.71,879.42,15192.93,451.20,18.34,3586.90,11606.03,0.2293,55299
980,decode_draining,4,0,4,4,15620.00,434090.34,855.97,15158.56,461.44,17.44,3398.02,11760.54,0.2175,54541
981,decode_draining,4,0,4,4,15623.78,430069.54,852.54,15157.98,465.79,18.34,3366.58,11791.41,0.2155,53647
982,decode_draining,4,0,4,4,15573.95,419091.62,842.85,15105.54,468.42,18.34,3280.74,11824.80,0.2107,53317
983,decode_draining,4,0,4,4,15641.38,431588.26,861.63,15180.35,461.02,16.86,3378.51,11801.84,0.2160,53317
984,decode_draining,4,0,4,4,15600.51,422231.68,843.17,15139.36,461.15,18.18,3305.27,11834.09,0.2119,53297
985,decode_draining,4,0,4,4,15618.53,413318.56,839.58,15144.38,474.14,17.47,3235.61,11908.77,0.2072,52559
986,decode_draining,4,0,4,4,15580.26,395316.42,830.56,15110.72,469.54,16.45,3094.90,12015.82,0.1986,51823
987,decode_draining,4,0,4,4,15618.18,417299.20,820.19,15136.83,481.34,17.98,3266.56,11870.27,0.2092,51430
988,decode_draining,4,0,4,4,15579.55,397859.81,823.10,15092.93,486.62,17.73,3114.71,11978.22,0.1999,50554
989,decode_draining,4,0,4,4,15555.01,369134.08,760.58,15041.95,513.06,17.54,2889.80,12152.15,0.1858,47409
990,decode_draining,4,0,4,4,31098.72,693795.26,1477.02,30069.57,1029.15,36.16,5431.81,24637.75,0.1747,88972
991,decode_draining,4,0,4,4,31057.34,641719.68,1390.78,29993.47,1063.87,37.54,5024.30,24969.17,0.1618,83219
992,decode_draining,4,0,4,4,31055.74,606010.66,1312.19,29972.19,1083.55,35.55,4744.71,25227.48,0.1528,77459
993,decode_draining,4,0,4,4,31039.42,543393.63,1200.03,29884.13,1155.30,36.96,4254.64,25629.49,0.1371,69432
994,decode_draining,4,0,4,4,30984.45,489987.97,1115.26,29757.73,1226.72,34.85,3836.74,25920.98,0.1238,63761
995,decode_draining,4,0,4,4,30949.82,455544.16,1057.79,29700.38,1249.44,35.30,3567.20,26133.18,0.1153,59188
996,decode_draining,4,0,4,4,30918.40,399945.86,904.80,29512.42,1405.98,36.48,3131.65,26380.77,0.1013,51067
997,decode_draining,4,0,4,4,30835.33,325202.88,797.66,29193.98,1641.34,36.19,2546.88,26647.10,0.0826,42737
998,decode_draining,4,0,4,4,30773.06,257053.25,623.78,28874.66,1898.40,35.97,2013.10,26861.55,0.0654,33398
999,decode_draining,4,0,4,4,30758.40,192020.19,485.79,28245.38,2513.02,35.33,1503.95,26741.42,0.0489,25075
